"No.","Host","Ip","dst","Protocol"
"16","121.53.216.13","121.53.216.13","sungwonryu1","TCP"
"263","smmd.melon.com.gtmc.hscdn.com","211.249.216.17","sungwonryu1","TCP"
"265","smmd.melon.com.gtmc.hscdn.com","211.249.216.17","sungwonryu1","TLSv1.2"
"304","121.53.216.13","121.53.216.13","sungwonryu1","TLSv1.2"
"306","121.53.216.13","121.53.216.13","sungwonryu1","TCP"
"308","121.53.216.13","121.53.216.13","sungwonryu1","TCP"
"313","121.53.216.13","121.53.216.13","sungwonryu1","TLSv1.2"
"318","121.53.216.13","121.53.216.13","sungwonryu1","TCP"
"867","121.53.216.13","121.53.216.13","sungwonryu1","TCP"
"921","121.53.216.13","121.53.216.13","sungwonryu1","TLSv1.2"
"1113","121.53.216.13","121.53.216.13","sungwonryu1","TLSv1.2"
"1115","121.53.216.13","121.53.216.13","sungwonryu1","TLSv1.2"
"1117","121.53.216.13","121.53.216.13","sungwonryu1","TCP"
"1679","121.53.216.13","121.53.216.13","sungwonryu1","TCP"
"1687","121.53.216.13","121.53.216.13","sungwonryu1","TCP"
"2002","121.53.216.13","121.53.216.13","sungwonryu1","TCP"
"3148","121.53.216.13","121.53.216.13","sungwonryu1","TCP"
"3967","edge-star-shv-01-ssn1.facebook.com","157.240.215.16","sungwonryu1","TLSv1.2"
"3969","edge-star-shv-01-ssn1.facebook.com","157.240.215.16","sungwonryu1","TCP"
"4160","cdnimg.melon.co.kr.gtmc.hscdn.com","211.249.216.7","sungwonryu1","TCP"
"4167","edge-star-shv-01-ssn1.facebook.com","157.240.215.16","sungwonryu1","TCP"
"4491","cdnimg.melon.co.kr.gtmc.hscdn.com","211.249.216.7","sungwonryu1","TCP"
"4749","121.53.216.13","121.53.216.13","sungwonryu1","TCP"
"5012","211.249.216.10","211.249.216.10","sungwonryu1","TCP"
"5014","211.249.216.10","211.249.216.10","sungwonryu1","TCP"
"5033","211.249.216.10","211.249.216.10","sungwonryu1","TCP"
"5041","211.249.216.10","211.249.216.10","sungwonryu1","TCP"
"5240","spmd.melon.com.gtmc.hscdn.com","121.53.216.30","sungwonryu1","TCP"
"5313","211.249.216.10","211.249.216.10","sungwonryu1","TCP"
"5332","211.249.216.10","211.249.216.10","sungwonryu1","TCP"
"5363","211.249.216.10","211.249.216.10","sungwonryu1","TCP"
"5368","211.249.216.10","211.249.216.10","sungwonryu1","TCP"
"5594","211.249.216.10","211.249.216.10","sungwonryu1","TCP"
"5596","spmd.melon.com.gtmc.hscdn.com","121.53.216.30","sungwonryu1","TCP"
"6283","211.249.216.10","211.249.216.10","sungwonryu1","TCP"
"6291","211.249.216.10","211.249.216.10","sungwonryu1","TCP"
"6293","211.249.216.10","211.249.216.10","sungwonryu1","TCP"
"6411","211.249.216.10","211.249.216.10","sungwonryu1","TCP"
"6413","211.249.216.10","211.249.216.10","sungwonryu1","TCP"
"6415","211.249.216.10","211.249.216.10","sungwonryu1","TCP"
"6733","211.249.216.10","211.249.216.10","sungwonryu1","TCP"
"6735","211.249.216.10","211.249.216.10","sungwonryu1","TCP"
"6747","211.249.216.10","211.249.216.10","sungwonryu1","TCP"
"6992","cdnimg.melon.co.kr.gtmc.hscdn.com","211.249.216.7","sungwonryu1","TCP"
"6994","cdnimg.melon.co.kr.gtmc.hscdn.com","211.249.216.7","sungwonryu1","TCP"
"7002","cdnimg.melon.co.kr.gtmc.hscdn.com","211.249.216.7","sungwonryu1","TCP"
"7015","cdnimg.melon.co.kr.gtmc.hscdn.com","211.249.216.7","sungwonryu1","TCP"
"7017","cdnimg.melon.co.kr.gtmc.hscdn.com","211.249.216.7","sungwonryu1","TCP"
"7052","cdnimg.melon.co.kr.gtmc.hscdn.com","211.249.216.7","sungwonryu1","TCP"
"7056","aerodent.canonical.com","91.189.88.142","sungwonryu1","TCP"
"7095","cdnimg.melon.co.kr.gtmc.hscdn.com","211.249.216.7","sungwonryu1","TCP"
"7097","cdnimg.melon.co.kr.gtmc.hscdn.com","211.249.216.7","sungwonryu1","TCP"
"7103","smmd.melon.com.gtmc.hscdn.com","211.249.216.17","sungwonryu1","TCP"
"7205","smmd.melon.com.gtmc.hscdn.com","211.249.216.17","sungwonryu1","TCP"
"9003","edge-star-shv-01-ssn1.facebook.com","157.240.215.16","sungwonryu1","TLSv1.2"
"9005","edge-star-shv-01-ssn1.facebook.com","157.240.215.16","sungwonryu1","TCP"
"9283","edge-star-shv-01-ssn1.facebook.com","157.240.215.16","sungwonryu1","TCP"
"9648","edge-star-shv-01-ssn1.facebook.com","157.240.215.16","sungwonryu1","TCP"
"9830","edge-star-shv-01-ssn1.facebook.com","157.240.215.16","sungwonryu1","TCP"
"10054","edge-star-shv-01-ssn1.facebook.com","157.240.215.16","sungwonryu1","TCP"
"10268","pugot.canonical.com","91.189.94.4","sungwonryu1","NTP"
"22468","121.53.216.13","121.53.216.13","sungwonryu1","TCP"
"22573","211.249.216.10","211.249.216.10","sungwonryu1","TCP"
"22575","211.249.216.11","211.249.216.11","sungwonryu1","TCP"
"22577","211.249.216.10","211.249.216.10","sungwonryu1","TCP"
"22579","cdnimg.melon.co.kr.gtmc.hscdn.com","211.249.216.7","sungwonryu1","TCP"
"22588","cdnimg.melon.co.kr.gtmc.hscdn.com","211.249.216.7","sungwonryu1","TCP"
"22592","cdnimg.melon.co.kr.gtmc.hscdn.com","211.249.216.7","sungwonryu1","TCP"
"22594","cdnimg.melon.co.kr.gtmc.hscdn.com","211.249.216.7","sungwonryu1","TCP"
"22596","cdnimg.melon.co.kr.gtmc.hscdn.com","211.249.216.7","sungwonryu1","TCP"
"22904","121.53.216.13","121.53.216.13","sungwonryu1","TCP"
"22916","211.249.216.10","211.249.216.10","sungwonryu1","TCP"
"22918","211.249.216.10","211.249.216.10","sungwonryu1","TCP"
"22920","211.249.216.11","211.249.216.11","sungwonryu1","TCP"
"22922","cdnimg.melon.co.kr.gtmc.hscdn.com","211.249.216.7","sungwonryu1","TCP"
"22924","cdnimg.melon.co.kr.gtmc.hscdn.com","211.249.216.7","sungwonryu1","TCP"
"22926","cdnimg.melon.co.kr.gtmc.hscdn.com","211.249.216.7","sungwonryu1","TCP"
"22928","cdnimg.melon.co.kr.gtmc.hscdn.com","211.249.216.7","sungwonryu1","TCP"
"22930","cdnimg.melon.co.kr.gtmc.hscdn.com","211.249.216.7","sungwonryu1","TCP"
"23219","121.53.216.13","121.53.216.13","sungwonryu1","TLSv1.2"
"23222","121.53.216.13","121.53.216.13","sungwonryu1","TCP"
"23225","121.53.216.13","121.53.216.13","sungwonryu1","TCP"
"23229","121.53.216.13","121.53.216.13","sungwonryu1","TLSv1.2"
"23237","121.53.216.13","121.53.216.13","sungwonryu1","TCP"
"23260","cdnimg.melon.co.kr.gtmc.hscdn.com","211.249.216.7","sungwonryu1","TCP"
"23262","211.249.216.10","211.249.216.10","sungwonryu1","TCP"
"23264","211.249.216.10","211.249.216.10","sungwonryu1","TCP"
"23301","cdnimg.melon.co.kr.gtmc.hscdn.com","211.249.216.7","sungwonryu1","TCP"
"23320","211.249.216.11","211.249.216.11","sungwonryu1","TCP"
"23354","cdnimg.melon.co.kr.gtmc.hscdn.com","211.249.216.7","sungwonryu1","TCP"
"23373","cdnimg.melon.co.kr.gtmc.hscdn.com","211.249.216.7","sungwonryu1","TCP"
"23375","cdnimg.melon.co.kr.gtmc.hscdn.com","211.249.216.7","sungwonryu1","TLSv1.2"
"23386","cdnimg.melon.co.kr.gtmc.hscdn.com","211.249.216.7","sungwonryu1","TLSv1.2"
"23388","211.249.216.10","211.249.216.10","sungwonryu1","TLSv1.2"
"23390","cdnimg.melon.co.kr.gtmc.hscdn.com","211.249.216.7","sungwonryu1","TLSv1.2"
"23392","cdnimg.melon.co.kr.gtmc.hscdn.com","211.249.216.7","sungwonryu1","TLSv1.2"
"23394","cdnimg.melon.co.kr.gtmc.hscdn.com","211.249.216.7","sungwonryu1","TCP"
"23396","211.249.216.10","211.249.216.10","sungwonryu1","TLSv1.2"
"23398","211.249.216.11","211.249.216.11","sungwonryu1","TLSv1.2"
"23400","cdnimg.melon.co.kr.gtmc.hscdn.com","211.249.216.7","sungwonryu1","TLSv1.2"
"23405","cdnimg.melon.co.kr.gtmc.hscdn.com","211.249.216.7","sungwonryu1","TCP"
"23409","cdnimg.melon.co.kr.gtmc.hscdn.com","211.249.216.7","sungwonryu1","TCP"
"23411","cdnimg.melon.co.kr.gtmc.hscdn.com","211.249.216.7","sungwonryu1","TCP"
"23413","211.249.216.10","211.249.216.10","sungwonryu1","TCP"
"23415","cdnimg.melon.co.kr.gtmc.hscdn.com","211.249.216.7","sungwonryu1","TCP"
"23417","cdnimg.melon.co.kr.gtmc.hscdn.com","211.249.216.7","sungwonryu1","TCP"
"23419","211.249.216.10","211.249.216.10","sungwonryu1","TCP"
"23421","211.249.216.11","211.249.216.11","sungwonryu1","TCP"
"23423","cdnimg.melon.co.kr.gtmc.hscdn.com","211.249.216.7","sungwonryu1","TCP"
"23425","cdnimg.melon.co.kr.gtmc.hscdn.com","211.249.216.7","sungwonryu1","TLSv1.2"
"23547","121.53.216.13","121.53.216.13","sungwonryu1","TCP"
"23611","121.53.216.13","121.53.216.13","sungwonryu1","TCP"
"23613","cdnimg.melon.co.kr.gtmc.hscdn.com","211.249.216.7","sungwonryu1","TCP"
"23616","cdnimg.melon.co.kr.gtmc.hscdn.com","211.249.216.7","sungwonryu1","TLSv1.2"
"23620","cdnimg.melon.co.kr.gtmc.hscdn.com","211.249.216.7","sungwonryu1","TCP"
"23622","cdnimg.melon.co.kr.gtmc.hscdn.com","211.249.216.7","sungwonryu1","TLSv1.2"
"23624","211.249.216.11","211.249.216.11","sungwonryu1","TCP"
"23626","211.249.216.11","211.249.216.11","sungwonryu1","TLSv1.2"
"23628","cdnimg.melon.co.kr.gtmc.hscdn.com","211.249.216.7","sungwonryu1","TCP"
"23630","cdnimg.melon.co.kr.gtmc.hscdn.com","211.249.216.7","sungwonryu1","TLSv1.2"
"23632","cdnimg.melon.co.kr.gtmc.hscdn.com","211.249.216.7","sungwonryu1","TCP"
"23634","cdnimg.melon.co.kr.gtmc.hscdn.com","211.249.216.7","sungwonryu1","TLSv1.2"
"23638","cdnimg.melon.co.kr.gtmc.hscdn.com","211.249.216.7","sungwonryu1","TLSv1.2"
"23642","211.249.216.10","211.249.216.10","sungwonryu1","TCP"
"23644","211.249.216.10","211.249.216.10","sungwonryu1","TCP"
"23692","cdnimg.melon.co.kr.gtmc.hscdn.com","211.249.216.7","sungwonryu1","TLSv1.2"
"23694","cdnimg.melon.co.kr.gtmc.hscdn.com","211.249.216.7","sungwonryu1","TLSv1.2"
"23700","211.249.216.11","211.249.216.11","sungwonryu1","TLSv1.2"
"23712","121.53.216.13","121.53.216.13","sungwonryu1","TCP"
"23714","cdnimg.melon.co.kr.gtmc.hscdn.com","211.249.216.7","sungwonryu1","TLSv1.2"
"23716","cdnimg.melon.co.kr.gtmc.hscdn.com","211.249.216.7","sungwonryu1","TLSv1.2"
"23718","cdnimg.melon.co.kr.gtmc.hscdn.com","211.249.216.7","sungwonryu1","TLSv1.2"
"23720","211.249.216.10","211.249.216.10","sungwonryu1","TLSv1.2"
"23722","211.249.216.10","211.249.216.10","sungwonryu1","TLSv1.2"
"23724","211.249.216.10","211.249.216.10","sungwonryu1","TLSv1.2"
"23730","211.249.216.10","211.249.216.10","sungwonryu1","TCP"
"23732","211.249.216.10","211.249.216.10","sungwonryu1","TCP"
"23742","211.249.216.10","211.249.216.10","sungwonryu1","TCP"
"23748","211.249.216.10","211.249.216.10","sungwonryu1","TLSv1.2"
"23750","cdnimg.melon.co.kr.gtmc.hscdn.com","211.249.216.7","sungwonryu1","TLSv1.2"
"23752","211.249.216.11","211.249.216.11","sungwonryu1","TLSv1.2"
"23754","211.249.216.11","211.249.216.11","sungwonryu1","TLSv1.2"
"23756","cdnimg.melon.co.kr.gtmc.hscdn.com","211.249.216.7","sungwonryu1","TLSv1.2"
"23758","cdnimg.melon.co.kr.gtmc.hscdn.com","211.249.216.7","sungwonryu1","TLSv1.2"
"23760","cdnimg.melon.co.kr.gtmc.hscdn.com","211.249.216.7","sungwonryu1","TLSv1.2"
"23782","211.249.216.10","211.249.216.10","sungwonryu1","TLSv1.2"
"23786","211.249.216.10","211.249.216.10","sungwonryu1","TCP"
"23792","211.249.216.10","211.249.216.10","sungwonryu1","TCP"
"23794","211.249.216.10","211.249.216.10","sungwonryu1","TCP"
"23796","211.249.216.10","211.249.216.10","sungwonryu1","TCP"
"23798","211.249.216.11","211.249.216.11","sungwonryu1","TLSv1.2"
"23800","cdnimg.melon.co.kr.gtmc.hscdn.com","211.249.216.7","sungwonryu1","TCP"
"23802","cdnimg.melon.co.kr.gtmc.hscdn.com","211.249.216.7","sungwonryu1","TCP"
"23818","cdnimg.melon.co.kr.gtmc.hscdn.com","211.249.216.7","sungwonryu1","TCP"
"23820","cdnimg.melon.co.kr.gtmc.hscdn.com","211.249.216.7","sungwonryu1","TCP"
"23822","cdnimg.melon.co.kr.gtmc.hscdn.com","211.249.216.7","sungwonryu1","TLSv1.2"
"23824","cdnimg.melon.co.kr.gtmc.hscdn.com","211.249.216.7","sungwonryu1","TLSv1.2"
"23826","cdnimg.melon.co.kr.gtmc.hscdn.com","211.249.216.7","sungwonryu1","TLSv1.2"
"23828","211.249.216.11","211.249.216.11","sungwonryu1","TLSv1.2"
"23834","211.249.216.11","211.249.216.11","sungwonryu1","TCP"
"23836","211.249.216.11","211.249.216.11","sungwonryu1","TLSv1.2"
"23840","cdnimg.melon.co.kr.gtmc.hscdn.com","211.249.216.7","sungwonryu1","TCP"
"23852","cdnimg.melon.co.kr.gtmc.hscdn.com","211.249.216.7","sungwonryu1","TCP"
"23854","cdnimg.melon.co.kr.gtmc.hscdn.com","211.249.216.7","sungwonryu1","TCP"
"23856","cdnimg.melon.co.kr.gtmc.hscdn.com","211.249.216.7","sungwonryu1","TCP"
"23862","cdnimg.melon.co.kr.gtmc.hscdn.com","211.249.216.7","sungwonryu1","TCP"
"23864","cdnimg.melon.co.kr.gtmc.hscdn.com","211.249.216.7","sungwonryu1","TCP"
"23866","cdnimg.melon.co.kr.gtmc.hscdn.com","211.249.216.7","sungwonryu1","TCP"
"23868","cdnimg.melon.co.kr.gtmc.hscdn.com","211.249.216.7","sungwonryu1","TLSv1.2"
"23870","211.249.216.10","211.249.216.10","sungwonryu1","TCP"
"23874","211.249.216.10","211.249.216.10","sungwonryu1","TLSv1.2"
"23876","211.249.216.11","211.249.216.11","sungwonryu1","TLSv1.2"
"23878","211.249.216.11","211.249.216.11","sungwonryu1","TLSv1.2"
"23882","211.249.216.10","211.249.216.10","sungwonryu1","TCP"
"23934","cdnimg.melon.co.kr.gtmc.hscdn.com","211.249.216.7","sungwonryu1","TCP"
"23936","cdnimg.melon.co.kr.gtmc.hscdn.com","211.249.216.7","sungwonryu1","TCP"
"23938","cdnimg.melon.co.kr.gtmc.hscdn.com","211.249.216.7","sungwonryu1","TCP"
"23940","cdnimg.melon.co.kr.gtmc.hscdn.com","211.249.216.7","sungwonryu1","TCP"
"23954","cdnimg.melon.co.kr.gtmc.hscdn.com","211.249.216.7","sungwonryu1","TCP"
"23956","cdnimg.melon.co.kr.gtmc.hscdn.com","211.249.216.7","sungwonryu1","TCP"
"23960","cdnimg.melon.co.kr.gtmc.hscdn.com","211.249.216.7","sungwonryu1","TLSv1.2"
"24037","211.249.216.10","211.249.216.10","sungwonryu1","TCP"
"24043","211.249.216.10","211.249.216.10","sungwonryu1","TLSv1.2"
"24143","smmd.melon.com.gtmc.hscdn.com","211.249.216.17","sungwonryu1","TCP"
"24160","spmd.melon.com.gtmc.hscdn.com","121.53.216.30","sungwonryu1","TCP"
"24225","spmd.melon.com.gtmc.hscdn.com","121.53.216.30","sungwonryu1","TCP"
"24227","smmd.melon.com.gtmc.hscdn.com","211.249.216.17","sungwonryu1","TLSv1.2"
"24229","smmd.melon.com.gtmc.hscdn.com","211.249.216.17","sungwonryu1","TCP"
"24231","smmd.melon.com.gtmc.hscdn.com","211.249.216.17","sungwonryu1","TCP"
"24233","smmd.melon.com.gtmc.hscdn.com","211.249.216.17","sungwonryu1","TCP"
"24235","smmd.melon.com.gtmc.hscdn.com","211.249.216.17","sungwonryu1","TLSv1.2"
"24240","smmd.melon.com.gtmc.hscdn.com","211.249.216.17","sungwonryu1","TCP"
"24242","spmd.melon.com.gtmc.hscdn.com","121.53.216.30","sungwonryu1","TCP"
"24409","smmd.melon.com.gtmc.hscdn.com","211.249.216.17","sungwonryu1","TCP"
"24554","spmd.melon.com.gtmc.hscdn.com","121.53.216.30","sungwonryu1","TCP"
"24556","spmd.melon.com.gtmc.hscdn.com","121.53.216.30","sungwonryu1","TCP"
"24561","spmd.melon.com.gtmc.hscdn.com","121.53.216.30","sungwonryu1","TCP"
"24563","spmd.melon.com.gtmc.hscdn.com","121.53.216.30","sungwonryu1","TCP"
"24565","spmd.melon.com.gtmc.hscdn.com","121.53.216.30","sungwonryu1","TCP"
"24567","smmd.melon.com.gtmc.hscdn.com","211.249.216.17","sungwonryu1","TCP"
"24569","spmd.melon.com.gtmc.hscdn.com","121.53.216.30","sungwonryu1","TCP"
"24571","spmd.melon.com.gtmc.hscdn.com","121.53.216.30","sungwonryu1","TCP"
"24577","spmd.melon.com.gtmc.hscdn.com","121.53.216.30","sungwonryu1","TCP"
"24581","spmd.melon.com.gtmc.hscdn.com","121.53.216.30","sungwonryu1","TCP"
"24583","spmd.melon.com.gtmc.hscdn.com","121.53.216.30","sungwonryu1","TCP"
"24602","smmd.melon.com.gtmc.hscdn.com","211.249.216.17","sungwonryu1","TLSv1.2"
"24606","smmd.melon.com.gtmc.hscdn.com","211.249.216.17","sungwonryu1","TCP"
"24768","spmd.melon.com.gtmc.hscdn.com","121.53.216.30","sungwonryu1","TCP"
"24856","spmd.melon.com.gtmc.hscdn.com","121.53.216.30","sungwonryu1","TCP"
"24858","spmd.melon.com.gtmc.hscdn.com","121.53.216.30","sungwonryu1","TCP"
"24876","spmd.melon.com.gtmc.hscdn.com","121.53.216.30","sungwonryu1","TCP"
"24878","spmd.melon.com.gtmc.hscdn.com","121.53.216.30","sungwonryu1","TCP"
"24884","spmd.melon.com.gtmc.hscdn.com","121.53.216.30","sungwonryu1","TCP"
"24888","spmd.melon.com.gtmc.hscdn.com","121.53.216.30","sungwonryu1","TCP"
"24892","spmd.melon.com.gtmc.hscdn.com","121.53.216.30","sungwonryu1","TCP"
"24894","spmd.melon.com.gtmc.hscdn.com","121.53.216.30","sungwonryu1","TCP"
"24898","spmd.melon.com.gtmc.hscdn.com","121.53.216.30","sungwonryu1","TCP"
"24904","spmd.melon.com.gtmc.hscdn.com","121.53.216.30","sungwonryu1","TCP"
"24915","spmd.melon.com.gtmc.hscdn.com","121.53.216.30","sungwonryu1","TCP"
"24917","spmd.melon.com.gtmc.hscdn.com","121.53.216.30","sungwonryu1","TCP"
"24919","spmd.melon.com.gtmc.hscdn.com","121.53.216.30","sungwonryu1","TCP"
"24921","spmd.melon.com.gtmc.hscdn.com","121.53.216.30","sungwonryu1","TCP"
"24966","spmd.melon.com.gtmc.hscdn.com","121.53.216.30","sungwonryu1","TCP"
"24968","spmd.melon.com.gtmc.hscdn.com","121.53.216.30","sungwonryu1","TCP"
"24970","spmd.melon.com.gtmc.hscdn.com","121.53.216.30","sungwonryu1","TCP"
"24972","spmd.melon.com.gtmc.hscdn.com","121.53.216.30","sungwonryu1","TCP"
"25024","smmd.melon.com.gtmc.hscdn.com","211.249.216.17","sungwonryu1","TCP"
"25026","smmd.melon.com.gtmc.hscdn.com","211.249.216.17","sungwonryu1","TLSv1.2"
"25253","smmd.melon.com.gtmc.hscdn.com","211.249.216.17","sungwonryu1","TCP"
"25258","smmd.melon.com.gtmc.hscdn.com","211.249.216.17","sungwonryu1","TCP"
"25302","spmd.melon.com.gtmc.hscdn.com","121.53.216.30","sungwonryu1","TCP"
"25367","211.249.216.11","211.249.216.11","sungwonryu1","TLSv1.2"
"25369","211.249.216.11","211.249.216.11","sungwonryu1","TLSv1.2"
"25371","211.249.216.11","211.249.216.11","sungwonryu1","TCP"
"25416","spmd.melon.com.gtmc.hscdn.com","121.53.216.30","sungwonryu1","TCP"
"25418","spmd.melon.com.gtmc.hscdn.com","121.53.216.30","sungwonryu1","TCP"
"25422","smmd.melon.com.gtmc.hscdn.com","211.249.216.17","sungwonryu1","TCP"
"25455","spmd.melon.com.gtmc.hscdn.com","121.53.216.30","sungwonryu1","TCP"
"25457","spmd.melon.com.gtmc.hscdn.com","121.53.216.30","sungwonryu1","TCP"
"25459","spmd.melon.com.gtmc.hscdn.com","121.53.216.30","sungwonryu1","TCP"
"25461","spmd.melon.com.gtmc.hscdn.com","121.53.216.30","sungwonryu1","TCP"
"25491","spmd.melon.com.gtmc.hscdn.com","121.53.216.30","sungwonryu1","TCP"
"25495","spmd.melon.com.gtmc.hscdn.com","121.53.216.30","sungwonryu1","TCP"
"25497","spmd.melon.com.gtmc.hscdn.com","121.53.216.30","sungwonryu1","TCP"
"25499","spmd.melon.com.gtmc.hscdn.com","121.53.216.30","sungwonryu1","TCP"
"25503","spmd.melon.com.gtmc.hscdn.com","121.53.216.30","sungwonryu1","TCP"
"25507","spmd.melon.com.gtmc.hscdn.com","121.53.216.30","sungwonryu1","TCP"
"25513","spmd.melon.com.gtmc.hscdn.com","121.53.216.30","sungwonryu1","TCP"
"25517","spmd.melon.com.gtmc.hscdn.com","121.53.216.30","sungwonryu1","TCP"
"25528","spmd.melon.com.gtmc.hscdn.com","121.53.216.30","sungwonryu1","TCP"
"25530","spmd.melon.com.gtmc.hscdn.com","121.53.216.30","sungwonryu1","TCP"
"25540","spmd.melon.com.gtmc.hscdn.com","121.53.216.30","sungwonryu1","TCP"
"25542","spmd.melon.com.gtmc.hscdn.com","121.53.216.30","sungwonryu1","TCP"
"25544","spmd.melon.com.gtmc.hscdn.com","121.53.216.30","sungwonryu1","TCP"
"25546","spmd.melon.com.gtmc.hscdn.com","121.53.216.30","sungwonryu1","TCP"
"25551","spmd.melon.com.gtmc.hscdn.com","121.53.216.30","sungwonryu1","TCP"
"25553","spmd.melon.com.gtmc.hscdn.com","121.53.216.30","sungwonryu1","TCP"
"25564","spmd.melon.com.gtmc.hscdn.com","121.53.216.30","sungwonryu1","TCP"
"25566","spmd.melon.com.gtmc.hscdn.com","121.53.216.30","sungwonryu1","TCP"
"25568","spmd.melon.com.gtmc.hscdn.com","121.53.216.30","sungwonryu1","TCP"
"25570","spmd.melon.com.gtmc.hscdn.com","121.53.216.30","sungwonryu1","TCP"
"25572","spmd.melon.com.gtmc.hscdn.com","121.53.216.30","sungwonryu1","TCP"
"25574","spmd.melon.com.gtmc.hscdn.com","121.53.216.30","sungwonryu1","TCP"
"25576","spmd.melon.com.gtmc.hscdn.com","121.53.216.30","sungwonryu1","TCP"
"25578","spmd.melon.com.gtmc.hscdn.com","121.53.216.30","sungwonryu1","TCP"
"25584","spmd.melon.com.gtmc.hscdn.com","121.53.216.30","sungwonryu1","TCP"
"25586","spmd.melon.com.gtmc.hscdn.com","121.53.216.30","sungwonryu1","TCP"
"25588","spmd.melon.com.gtmc.hscdn.com","121.53.216.30","sungwonryu1","TCP"
"25590","spmd.melon.com.gtmc.hscdn.com","121.53.216.30","sungwonryu1","TCP"
"25592","spmd.melon.com.gtmc.hscdn.com","121.53.216.30","sungwonryu1","TCP"
"25594","spmd.melon.com.gtmc.hscdn.com","121.53.216.30","sungwonryu1","TCP"
"25596","spmd.melon.com.gtmc.hscdn.com","121.53.216.30","sungwonryu1","TCP"
"25598","spmd.melon.com.gtmc.hscdn.com","121.53.216.30","sungwonryu1","TCP"
"25901","spmd.melon.com.gtmc.hscdn.com","121.53.216.30","sungwonryu1","TCP"
"25903","211.249.216.11","211.249.216.11","sungwonryu1","TCP"
"25905","spmd.melon.com.gtmc.hscdn.com","121.53.216.30","sungwonryu1","TCP"
"25948","spmd.melon.com.gtmc.hscdn.com","121.53.216.30","sungwonryu1","TCP"
"25950","spmd.melon.com.gtmc.hscdn.com","121.53.216.30","sungwonryu1","TCP"
"25960","spmd.melon.com.gtmc.hscdn.com","121.53.216.30","sungwonryu1","TCP"
"25962","spmd.melon.com.gtmc.hscdn.com","121.53.216.30","sungwonryu1","TCP"
"26002","spmd.melon.com.gtmc.hscdn.com","121.53.216.30","sungwonryu1","TCP"
"26004","spmd.melon.com.gtmc.hscdn.com","121.53.216.30","sungwonryu1","TCP"
"26018","spmd.melon.com.gtmc.hscdn.com","121.53.216.30","sungwonryu1","TCP"
"26020","spmd.melon.com.gtmc.hscdn.com","121.53.216.30","sungwonryu1","TCP"
"26025","spmd.melon.com.gtmc.hscdn.com","121.53.216.30","sungwonryu1","TCP"
"26027","spmd.melon.com.gtmc.hscdn.com","121.53.216.30","sungwonryu1","TCP"
"26029","spmd.melon.com.gtmc.hscdn.com","121.53.216.30","sungwonryu1","TCP"
"26031","spmd.melon.com.gtmc.hscdn.com","121.53.216.30","sungwonryu1","TCP"
"26036","pugot.canonical.com","91.189.94.4","sungwonryu1","NTP"
"26040","spmd.melon.com.gtmc.hscdn.com","121.53.216.30","sungwonryu1","TCP"
"26042","spmd.melon.com.gtmc.hscdn.com","121.53.216.30","sungwonryu1","TCP"
"26058","spmd.melon.com.gtmc.hscdn.com","121.53.216.30","sungwonryu1","TCP"
"26060","spmd.melon.com.gtmc.hscdn.com","121.53.216.30","sungwonryu1","TCP"
"26065","spmd.melon.com.gtmc.hscdn.com","121.53.216.30","sungwonryu1","TCP"
"26067","spmd.melon.com.gtmc.hscdn.com","121.53.216.30","sungwonryu1","TCP"
"26087","spmd.melon.com.gtmc.hscdn.com","121.53.216.30","sungwonryu1","TCP"
"26089","spmd.melon.com.gtmc.hscdn.com","121.53.216.30","sungwonryu1","TCP"
"26100","spmd.melon.com.gtmc.hscdn.com","121.53.216.30","sungwonryu1","TCP"
"26102","spmd.melon.com.gtmc.hscdn.com","121.53.216.30","sungwonryu1","TCP"
"26159","spmd.melon.com.gtmc.hscdn.com","121.53.216.30","sungwonryu1","TCP"
"26161","spmd.melon.com.gtmc.hscdn.com","121.53.216.30","sungwonryu1","TCP"
"26163","spmd.melon.com.gtmc.hscdn.com","121.53.216.30","sungwonryu1","TCP"
"26171","spmd.melon.com.gtmc.hscdn.com","121.53.216.30","sungwonryu1","TCP"
"26173","spmd.melon.com.gtmc.hscdn.com","121.53.216.30","sungwonryu1","TCP"
"26175","spmd.melon.com.gtmc.hscdn.com","121.53.216.30","sungwonryu1","TCP"
"26192","spmd.melon.com.gtmc.hscdn.com","121.53.216.30","sungwonryu1","TCP"
"26194","spmd.melon.com.gtmc.hscdn.com","121.53.216.30","sungwonryu1","TCP"
"26196","spmd.melon.com.gtmc.hscdn.com","121.53.216.30","sungwonryu1","TCP"
"26206","spmd.melon.com.gtmc.hscdn.com","121.53.216.30","sungwonryu1","TCP"
"26208","spmd.melon.com.gtmc.hscdn.com","121.53.216.30","sungwonryu1","TCP"
"26210","spmd.melon.com.gtmc.hscdn.com","121.53.216.30","sungwonryu1","TCP"
"26212","spmd.melon.com.gtmc.hscdn.com","121.53.216.30","sungwonryu1","TCP"
"26214","spmd.melon.com.gtmc.hscdn.com","121.53.216.30","sungwonryu1","TCP"
"26216","spmd.melon.com.gtmc.hscdn.com","121.53.216.30","sungwonryu1","TCP"
"26218","spmd.melon.com.gtmc.hscdn.com","121.53.216.30","sungwonryu1","TCP"
"26569","spmd.melon.com.gtmc.hscdn.com","121.53.216.30","sungwonryu1","TCP"
"26571","spmd.melon.com.gtmc.hscdn.com","121.53.216.30","sungwonryu1","TCP"
"26582","spmd.melon.com.gtmc.hscdn.com","121.53.216.30","sungwonryu1","TCP"
"26584","spmd.melon.com.gtmc.hscdn.com","121.53.216.30","sungwonryu1","TCP"
"26586","spmd.melon.com.gtmc.hscdn.com","121.53.216.30","sungwonryu1","TCP"
"26598","spmd.melon.com.gtmc.hscdn.com","121.53.216.30","sungwonryu1","TCP"
"26602","spmd.melon.com.gtmc.hscdn.com","121.53.216.30","sungwonryu1","TCP"
"26604","spmd.melon.com.gtmc.hscdn.com","121.53.216.30","sungwonryu1","TCP"
"26606","spmd.melon.com.gtmc.hscdn.com","121.53.216.30","sungwonryu1","TCP"
"26610","spmd.melon.com.gtmc.hscdn.com","121.53.216.30","sungwonryu1","TCP"
"26612","spmd.melon.com.gtmc.hscdn.com","121.53.216.30","sungwonryu1","TCP"
"26614","spmd.melon.com.gtmc.hscdn.com","121.53.216.30","sungwonryu1","TCP"
"26617","spmd.melon.com.gtmc.hscdn.com","121.53.216.30","sungwonryu1","TCP"
"26623","spmd.melon.com.gtmc.hscdn.com","121.53.216.30","sungwonryu1","TCP"
"26625","spmd.melon.com.gtmc.hscdn.com","121.53.216.30","sungwonryu1","TCP"
"26640","spmd.melon.com.gtmc.hscdn.com","121.53.216.30","sungwonryu1","TCP"
"26644","spmd.melon.com.gtmc.hscdn.com","121.53.216.30","sungwonryu1","TCP"
"26646","spmd.melon.com.gtmc.hscdn.com","121.53.216.30","sungwonryu1","TCP"
"26656","spmd.melon.com.gtmc.hscdn.com","121.53.216.30","sungwonryu1","TCP"
"26658","spmd.melon.com.gtmc.hscdn.com","121.53.216.30","sungwonryu1","TCP"
"26660","spmd.melon.com.gtmc.hscdn.com","121.53.216.30","sungwonryu1","TCP"
"26662","spmd.melon.com.gtmc.hscdn.com","121.53.216.30","sungwonryu1","TCP"
"26664","spmd.melon.com.gtmc.hscdn.com","121.53.216.30","sungwonryu1","TCP"
"26666","spmd.melon.com.gtmc.hscdn.com","121.53.216.30","sungwonryu1","TCP"
"26668","spmd.melon.com.gtmc.hscdn.com","121.53.216.30","sungwonryu1","TCP"
"26670","spmd.melon.com.gtmc.hscdn.com","121.53.216.30","sungwonryu1","TCP"
"26672","spmd.melon.com.gtmc.hscdn.com","121.53.216.30","sungwonryu1","TCP"
"26674","spmd.melon.com.gtmc.hscdn.com","121.53.216.30","sungwonryu1","TCP"
"26694","spmd.melon.com.gtmc.hscdn.com","121.53.216.30","sungwonryu1","TCP"
"26698","spmd.melon.com.gtmc.hscdn.com","121.53.216.30","sungwonryu1","TCP"
"26700","spmd.melon.com.gtmc.hscdn.com","121.53.216.30","sungwonryu1","TCP"
"26702","spmd.melon.com.gtmc.hscdn.com","121.53.216.30","sungwonryu1","TCP"
"26723","spmd.melon.com.gtmc.hscdn.com","121.53.216.30","sungwonryu1","TCP"
"26729","spmd.melon.com.gtmc.hscdn.com","121.53.216.30","sungwonryu1","TCP"
"26731","spmd.melon.com.gtmc.hscdn.com","121.53.216.30","sungwonryu1","TCP"
"26735","spmd.melon.com.gtmc.hscdn.com","121.53.216.30","sungwonryu1","TCP"
"26737","spmd.melon.com.gtmc.hscdn.com","121.53.216.30","sungwonryu1","TCP"
"26739","spmd.melon.com.gtmc.hscdn.com","121.53.216.30","sungwonryu1","TCP"
"26741","spmd.melon.com.gtmc.hscdn.com","121.53.216.30","sungwonryu1","TCP"
"26743","spmd.melon.com.gtmc.hscdn.com","121.53.216.30","sungwonryu1","TCP"
"26745","spmd.melon.com.gtmc.hscdn.com","121.53.216.30","sungwonryu1","TCP"
"26747","spmd.melon.com.gtmc.hscdn.com","121.53.216.30","sungwonryu1","TCP"
"27165","spmd.melon.com.gtmc.hscdn.com","121.53.216.30","sungwonryu1","TCP"
"27167","spmd.melon.com.gtmc.hscdn.com","121.53.216.30","sungwonryu1","TCP"
"27169","spmd.melon.com.gtmc.hscdn.com","121.53.216.30","sungwonryu1","TCP"
"27171","spmd.melon.com.gtmc.hscdn.com","121.53.216.30","sungwonryu1","TCP"
"27173","spmd.melon.com.gtmc.hscdn.com","121.53.216.30","sungwonryu1","TCP"
"27185","spmd.melon.com.gtmc.hscdn.com","121.53.216.30","sungwonryu1","TCP"
"27187","spmd.melon.com.gtmc.hscdn.com","121.53.216.30","sungwonryu1","TCP"
"27189","spmd.melon.com.gtmc.hscdn.com","121.53.216.30","sungwonryu1","TCP"
"27200","spmd.melon.com.gtmc.hscdn.com","121.53.216.30","sungwonryu1","TCP"
"27208","spmd.melon.com.gtmc.hscdn.com","121.53.216.30","sungwonryu1","TCP"
"27210","spmd.melon.com.gtmc.hscdn.com","121.53.216.30","sungwonryu1","TCP"
"27214","spmd.melon.com.gtmc.hscdn.com","121.53.216.30","sungwonryu1","TCP"
"27216","spmd.melon.com.gtmc.hscdn.com","121.53.216.30","sungwonryu1","TCP"
"27218","spmd.melon.com.gtmc.hscdn.com","121.53.216.30","sungwonryu1","TCP"
"27220","spmd.melon.com.gtmc.hscdn.com","121.53.216.30","sungwonryu1","TCP"
"27222","spmd.melon.com.gtmc.hscdn.com","121.53.216.30","sungwonryu1","TCP"
"27244","spmd.melon.com.gtmc.hscdn.com","121.53.216.30","sungwonryu1","TCP"
"27246","spmd.melon.com.gtmc.hscdn.com","121.53.216.30","sungwonryu1","TCP"
"27248","spmd.melon.com.gtmc.hscdn.com","121.53.216.30","sungwonryu1","TCP"
"27288","spmd.melon.com.gtmc.hscdn.com","121.53.216.30","sungwonryu1","TCP"
"27290","spmd.melon.com.gtmc.hscdn.com","121.53.216.30","sungwonryu1","TCP"
"27296","spmd.melon.com.gtmc.hscdn.com","121.53.216.30","sungwonryu1","TCP"
"27300","spmd.melon.com.gtmc.hscdn.com","121.53.216.30","sungwonryu1","TCP"
"27302","spmd.melon.com.gtmc.hscdn.com","121.53.216.30","sungwonryu1","TCP"
"27304","spmd.melon.com.gtmc.hscdn.com","121.53.216.30","sungwonryu1","TCP"
"27306","spmd.melon.com.gtmc.hscdn.com","121.53.216.30","sungwonryu1","TCP"
"27308","spmd.melon.com.gtmc.hscdn.com","121.53.216.30","sungwonryu1","TCP"
"27327","spmd.melon.com.gtmc.hscdn.com","121.53.216.30","sungwonryu1","TCP"
"27331","spmd.melon.com.gtmc.hscdn.com","121.53.216.30","sungwonryu1","TCP"
"27341","spmd.melon.com.gtmc.hscdn.com","121.53.216.30","sungwonryu1","TCP"
"27343","spmd.melon.com.gtmc.hscdn.com","121.53.216.30","sungwonryu1","TCP"
"27348","spmd.melon.com.gtmc.hscdn.com","121.53.216.30","sungwonryu1","TCP"
"27350","spmd.melon.com.gtmc.hscdn.com","121.53.216.30","sungwonryu1","TCP"
"27352","spmd.melon.com.gtmc.hscdn.com","121.53.216.30","sungwonryu1","TCP"
"27354","spmd.melon.com.gtmc.hscdn.com","121.53.216.30","sungwonryu1","TCP"
"27398","spmd.melon.com.gtmc.hscdn.com","121.53.216.30","sungwonryu1","TCP"
"27400","spmd.melon.com.gtmc.hscdn.com","121.53.216.30","sungwonryu1","TCP"
"27402","spmd.melon.com.gtmc.hscdn.com","121.53.216.30","sungwonryu1","TCP"
"27404","spmd.melon.com.gtmc.hscdn.com","121.53.216.30","sungwonryu1","TCP"
"27409","spmd.melon.com.gtmc.hscdn.com","121.53.216.30","sungwonryu1","TCP"
"27411","spmd.melon.com.gtmc.hscdn.com","121.53.216.30","sungwonryu1","TCP"
"27413","spmd.melon.com.gtmc.hscdn.com","121.53.216.30","sungwonryu1","TCP"
"27415","spmd.melon.com.gtmc.hscdn.com","121.53.216.30","sungwonryu1","TCP"
"27423","spmd.melon.com.gtmc.hscdn.com","121.53.216.30","sungwonryu1","TCP"
"27429","spmd.melon.com.gtmc.hscdn.com","121.53.216.30","sungwonryu1","TCP"
"27722","spmd.melon.com.gtmc.hscdn.com","121.53.216.30","sungwonryu1","TCP"
"27724","spmd.melon.com.gtmc.hscdn.com","121.53.216.30","sungwonryu1","TCP"
"27726","spmd.melon.com.gtmc.hscdn.com","121.53.216.30","sungwonryu1","TCP"
"27730","spmd.melon.com.gtmc.hscdn.com","121.53.216.30","sungwonryu1","TCP"
"27732","spmd.melon.com.gtmc.hscdn.com","121.53.216.30","sungwonryu1","TCP"
"27734","spmd.melon.com.gtmc.hscdn.com","121.53.216.30","sungwonryu1","TCP"
"27745","spmd.melon.com.gtmc.hscdn.com","121.53.216.30","sungwonryu1","TCP"
"27747","spmd.melon.com.gtmc.hscdn.com","121.53.216.30","sungwonryu1","TCP"
"27749","spmd.melon.com.gtmc.hscdn.com","121.53.216.30","sungwonryu1","TCP"
"27751","spmd.melon.com.gtmc.hscdn.com","121.53.216.30","sungwonryu1","TCP"
"27759","spmd.melon.com.gtmc.hscdn.com","121.53.216.30","sungwonryu1","TCP"
"27761","spmd.melon.com.gtmc.hscdn.com","121.53.216.30","sungwonryu1","TCP"
"27763","spmd.melon.com.gtmc.hscdn.com","121.53.216.30","sungwonryu1","TCP"
"27765","spmd.melon.com.gtmc.hscdn.com","121.53.216.30","sungwonryu1","TCP"
"27767","spmd.melon.com.gtmc.hscdn.com","121.53.216.30","sungwonryu1","TCP"
"27769","spmd.melon.com.gtmc.hscdn.com","121.53.216.30","sungwonryu1","TCP"
"27771","spmd.melon.com.gtmc.hscdn.com","121.53.216.30","sungwonryu1","TCP"
"27773","spmd.melon.com.gtmc.hscdn.com","121.53.216.30","sungwonryu1","TCP"
"27778","spmd.melon.com.gtmc.hscdn.com","121.53.216.30","sungwonryu1","TCP"
"27780","spmd.melon.com.gtmc.hscdn.com","121.53.216.30","sungwonryu1","TCP"
"27791","spmd.melon.com.gtmc.hscdn.com","121.53.216.30","sungwonryu1","TCP"
"27793","spmd.melon.com.gtmc.hscdn.com","121.53.216.30","sungwonryu1","TCP"
"27804","spmd.melon.com.gtmc.hscdn.com","121.53.216.30","sungwonryu1","TCP"
"27806","spmd.melon.com.gtmc.hscdn.com","121.53.216.30","sungwonryu1","TCP"
"27828","spmd.melon.com.gtmc.hscdn.com","121.53.216.30","sungwonryu1","TCP"
"27830","spmd.melon.com.gtmc.hscdn.com","121.53.216.30","sungwonryu1","TCP"
"27832","spmd.melon.com.gtmc.hscdn.com","121.53.216.30","sungwonryu1","TCP"
"27834","spmd.melon.com.gtmc.hscdn.com","121.53.216.30","sungwonryu1","TCP"
"27836","spmd.melon.com.gtmc.hscdn.com","121.53.216.30","sungwonryu1","TCP"
"27838","spmd.melon.com.gtmc.hscdn.com","121.53.216.30","sungwonryu1","TCP"
"27848","spmd.melon.com.gtmc.hscdn.com","121.53.216.30","sungwonryu1","TCP"
"27850","spmd.melon.com.gtmc.hscdn.com","121.53.216.30","sungwonryu1","TCP"
"27852","spmd.melon.com.gtmc.hscdn.com","121.53.216.30","sungwonryu1","TCP"
"27854","spmd.melon.com.gtmc.hscdn.com","121.53.216.30","sungwonryu1","TCP"
"27856","spmd.melon.com.gtmc.hscdn.com","121.53.216.30","sungwonryu1","TCP"
"27858","spmd.melon.com.gtmc.hscdn.com","121.53.216.30","sungwonryu1","TCP"
"27860","spmd.melon.com.gtmc.hscdn.com","121.53.216.30","sungwonryu1","TCP"
"27862","spmd.melon.com.gtmc.hscdn.com","121.53.216.30","sungwonryu1","TCP"
"27899","spmd.melon.com.gtmc.hscdn.com","121.53.216.30","sungwonryu1","TCP"
"27901","spmd.melon.com.gtmc.hscdn.com","121.53.216.30","sungwonryu1","TCP"
"27903","spmd.melon.com.gtmc.hscdn.com","121.53.216.30","sungwonryu1","TCP"
"27905","spmd.melon.com.gtmc.hscdn.com","121.53.216.30","sungwonryu1","TCP"
"27910","spmd.melon.com.gtmc.hscdn.com","121.53.216.30","sungwonryu1","TCP"
"27912","spmd.melon.com.gtmc.hscdn.com","121.53.216.30","sungwonryu1","TCP"
"27914","spmd.melon.com.gtmc.hscdn.com","121.53.216.30","sungwonryu1","TCP"
"27916","spmd.melon.com.gtmc.hscdn.com","121.53.216.30","sungwonryu1","TCP"
"27918","spmd.melon.com.gtmc.hscdn.com","121.53.216.30","sungwonryu1","TCP"
"27920","spmd.melon.com.gtmc.hscdn.com","121.53.216.30","sungwonryu1","TCP"
"28081","spmd.melon.com.gtmc.hscdn.com","121.53.216.30","sungwonryu1","TCP"
"28083","spmd.melon.com.gtmc.hscdn.com","121.53.216.30","sungwonryu1","TCP"
"28085","spmd.melon.com.gtmc.hscdn.com","121.53.216.30","sungwonryu1","TCP"
"28087","spmd.melon.com.gtmc.hscdn.com","121.53.216.30","sungwonryu1","TCP"
"28282","spmd.melon.com.gtmc.hscdn.com","121.53.216.30","sungwonryu1","TCP"
"28284","spmd.melon.com.gtmc.hscdn.com","121.53.216.30","sungwonryu1","TCP"
"28306","spmd.melon.com.gtmc.hscdn.com","121.53.216.30","sungwonryu1","TCP"
"28308","spmd.melon.com.gtmc.hscdn.com","121.53.216.30","sungwonryu1","TCP"
"28310","spmd.melon.com.gtmc.hscdn.com","121.53.216.30","sungwonryu1","TCP"
"28312","spmd.melon.com.gtmc.hscdn.com","121.53.216.30","sungwonryu1","TCP"
"28314","spmd.melon.com.gtmc.hscdn.com","121.53.216.30","sungwonryu1","TCP"
"28316","spmd.melon.com.gtmc.hscdn.com","121.53.216.30","sungwonryu1","TCP"
"28318","spmd.melon.com.gtmc.hscdn.com","121.53.216.30","sungwonryu1","TCP"
"28320","spmd.melon.com.gtmc.hscdn.com","121.53.216.30","sungwonryu1","TCP"
"28322","spmd.melon.com.gtmc.hscdn.com","121.53.216.30","sungwonryu1","TCP"
"28324","spmd.melon.com.gtmc.hscdn.com","121.53.216.30","sungwonryu1","TCP"
"28328","spmd.melon.com.gtmc.hscdn.com","121.53.216.30","sungwonryu1","TCP"
"28330","spmd.melon.com.gtmc.hscdn.com","121.53.216.30","sungwonryu1","TCP"
"28332","spmd.melon.com.gtmc.hscdn.com","121.53.216.30","sungwonryu1","TCP"
"28334","spmd.melon.com.gtmc.hscdn.com","121.53.216.30","sungwonryu1","TCP"
"28336","spmd.melon.com.gtmc.hscdn.com","121.53.216.30","sungwonryu1","TCP"
"28338","spmd.melon.com.gtmc.hscdn.com","121.53.216.30","sungwonryu1","TCP"
"28340","spmd.melon.com.gtmc.hscdn.com","121.53.216.30","sungwonryu1","TCP"
"28342","spmd.melon.com.gtmc.hscdn.com","121.53.216.30","sungwonryu1","TCP"
"28346","spmd.melon.com.gtmc.hscdn.com","121.53.216.30","sungwonryu1","TCP"
"28348","spmd.melon.com.gtmc.hscdn.com","121.53.216.30","sungwonryu1","TCP"
"28350","spmd.melon.com.gtmc.hscdn.com","121.53.216.30","sungwonryu1","TCP"
"28352","spmd.melon.com.gtmc.hscdn.com","121.53.216.30","sungwonryu1","TCP"
"28356","spmd.melon.com.gtmc.hscdn.com","121.53.216.30","sungwonryu1","TCP"
"28358","spmd.melon.com.gtmc.hscdn.com","121.53.216.30","sungwonryu1","TCP"
"28370","spmd.melon.com.gtmc.hscdn.com","121.53.216.30","sungwonryu1","TCP"
"28372","spmd.melon.com.gtmc.hscdn.com","121.53.216.30","sungwonryu1","TCP"
"28374","spmd.melon.com.gtmc.hscdn.com","121.53.216.30","sungwonryu1","TCP"
"28376","spmd.melon.com.gtmc.hscdn.com","121.53.216.30","sungwonryu1","TCP"
"28378","spmd.melon.com.gtmc.hscdn.com","121.53.216.30","sungwonryu1","TCP"
"28382","spmd.melon.com.gtmc.hscdn.com","121.53.216.30","sungwonryu1","TCP"
"28384","spmd.melon.com.gtmc.hscdn.com","121.53.216.30","sungwonryu1","TCP"
"28386","spmd.melon.com.gtmc.hscdn.com","121.53.216.30","sungwonryu1","TCP"
"28388","spmd.melon.com.gtmc.hscdn.com","121.53.216.30","sungwonryu1","TCP"
"28390","spmd.melon.com.gtmc.hscdn.com","121.53.216.30","sungwonryu1","TCP"
"28392","spmd.melon.com.gtmc.hscdn.com","121.53.216.30","sungwonryu1","TCP"
"28394","spmd.melon.com.gtmc.hscdn.com","121.53.216.30","sungwonryu1","TCP"
"28396","spmd.melon.com.gtmc.hscdn.com","121.53.216.30","sungwonryu1","TCP"
"28398","spmd.melon.com.gtmc.hscdn.com","121.53.216.30","sungwonryu1","TCP"
"28400","spmd.melon.com.gtmc.hscdn.com","121.53.216.30","sungwonryu1","TCP"
"28402","spmd.melon.com.gtmc.hscdn.com","121.53.216.30","sungwonryu1","TCP"
"28410","spmd.melon.com.gtmc.hscdn.com","121.53.216.30","sungwonryu1","TCP"
"28412","spmd.melon.com.gtmc.hscdn.com","121.53.216.30","sungwonryu1","TCP"
"28414","spmd.melon.com.gtmc.hscdn.com","121.53.216.30","sungwonryu1","TCP"
"28416","spmd.melon.com.gtmc.hscdn.com","121.53.216.30","sungwonryu1","TCP"
"28556","spmd.melon.com.gtmc.hscdn.com","121.53.216.30","sungwonryu1","TCP"
"28558","spmd.melon.com.gtmc.hscdn.com","121.53.216.30","sungwonryu1","TCP"
"28560","spmd.melon.com.gtmc.hscdn.com","121.53.216.30","sungwonryu1","TCP"
"28562","spmd.melon.com.gtmc.hscdn.com","121.53.216.30","sungwonryu1","TCP"
"28564","spmd.melon.com.gtmc.hscdn.com","121.53.216.30","sungwonryu1","TCP"
"28566","spmd.melon.com.gtmc.hscdn.com","121.53.216.30","sungwonryu1","TCP"
"28579","211.249.216.10","211.249.216.10","sungwonryu1","TCP"
"28581","211.249.216.10","211.249.216.10","sungwonryu1","TCP"
"28583","211.249.216.10","211.249.216.10","sungwonryu1","TCP"
"28697","spmd.melon.com.gtmc.hscdn.com","121.53.216.30","sungwonryu1","TCP"
"28699","spmd.melon.com.gtmc.hscdn.com","121.53.216.30","sungwonryu1","TCP"
"28704","spmd.melon.com.gtmc.hscdn.com","121.53.216.30","sungwonryu1","TCP"
"28706","spmd.melon.com.gtmc.hscdn.com","121.53.216.30","sungwonryu1","TCP"
"28708","spmd.melon.com.gtmc.hscdn.com","121.53.216.30","sungwonryu1","TCP"
"28710","spmd.melon.com.gtmc.hscdn.com","121.53.216.30","sungwonryu1","TCP"
"28712","spmd.melon.com.gtmc.hscdn.com","121.53.216.30","sungwonryu1","TCP"
"28714","spmd.melon.com.gtmc.hscdn.com","121.53.216.30","sungwonryu1","TCP"
"28716","spmd.melon.com.gtmc.hscdn.com","121.53.216.30","sungwonryu1","TCP"
"28718","spmd.melon.com.gtmc.hscdn.com","121.53.216.30","sungwonryu1","TCP"
"28739","spmd.melon.com.gtmc.hscdn.com","121.53.216.30","sungwonryu1","TCP"
"28741","spmd.melon.com.gtmc.hscdn.com","121.53.216.30","sungwonryu1","TCP"
"28743","spmd.melon.com.gtmc.hscdn.com","121.53.216.30","sungwonryu1","TCP"
"28745","spmd.melon.com.gtmc.hscdn.com","121.53.216.30","sungwonryu1","TCP"
"28747","spmd.melon.com.gtmc.hscdn.com","121.53.216.30","sungwonryu1","TCP"
"28749","spmd.melon.com.gtmc.hscdn.com","121.53.216.30","sungwonryu1","TCP"
"28751","spmd.melon.com.gtmc.hscdn.com","121.53.216.30","sungwonryu1","TCP"
"28753","spmd.melon.com.gtmc.hscdn.com","121.53.216.30","sungwonryu1","TCP"
"28755","spmd.melon.com.gtmc.hscdn.com","121.53.216.30","sungwonryu1","TCP"
"28757","spmd.melon.com.gtmc.hscdn.com","121.53.216.30","sungwonryu1","TCP"
"28759","spmd.melon.com.gtmc.hscdn.com","121.53.216.30","sungwonryu1","TCP"
"28761","spmd.melon.com.gtmc.hscdn.com","121.53.216.30","sungwonryu1","TCP"
"28763","spmd.melon.com.gtmc.hscdn.com","121.53.216.30","sungwonryu1","TCP"
"28765","spmd.melon.com.gtmc.hscdn.com","121.53.216.30","sungwonryu1","TCP"
"28785","spmd.melon.com.gtmc.hscdn.com","121.53.216.30","sungwonryu1","TCP"
"28787","spmd.melon.com.gtmc.hscdn.com","121.53.216.30","sungwonryu1","TCP"
"28789","spmd.melon.com.gtmc.hscdn.com","121.53.216.30","sungwonryu1","TCP"
"28791","spmd.melon.com.gtmc.hscdn.com","121.53.216.30","sungwonryu1","TCP"
"28793","spmd.melon.com.gtmc.hscdn.com","121.53.216.30","sungwonryu1","TCP"
"28795","spmd.melon.com.gtmc.hscdn.com","121.53.216.30","sungwonryu1","TCP"
"28797","spmd.melon.com.gtmc.hscdn.com","121.53.216.30","sungwonryu1","TCP"
"28799","spmd.melon.com.gtmc.hscdn.com","121.53.216.30","sungwonryu1","TCP"
"28801","spmd.melon.com.gtmc.hscdn.com","121.53.216.30","sungwonryu1","TCP"
"28803","spmd.melon.com.gtmc.hscdn.com","121.53.216.30","sungwonryu1","TCP"
"28805","spmd.melon.com.gtmc.hscdn.com","121.53.216.30","sungwonryu1","TCP"
"28807","spmd.melon.com.gtmc.hscdn.com","121.53.216.30","sungwonryu1","TCP"
"28809","spmd.melon.com.gtmc.hscdn.com","121.53.216.30","sungwonryu1","TCP"
"28813","spmd.melon.com.gtmc.hscdn.com","121.53.216.30","sungwonryu1","TCP"
"28818","spmd.melon.com.gtmc.hscdn.com","121.53.216.30","sungwonryu1","TCP"
"28820","spmd.melon.com.gtmc.hscdn.com","121.53.216.30","sungwonryu1","TCP"
"28822","spmd.melon.com.gtmc.hscdn.com","121.53.216.30","sungwonryu1","TCP"
"28824","spmd.melon.com.gtmc.hscdn.com","121.53.216.30","sungwonryu1","TCP"
"28826","spmd.melon.com.gtmc.hscdn.com","121.53.216.30","sungwonryu1","TCP"
"28828","spmd.melon.com.gtmc.hscdn.com","121.53.216.30","sungwonryu1","TCP"
"28849","spmd.melon.com.gtmc.hscdn.com","121.53.216.30","sungwonryu1","TCP"
"28853","spmd.melon.com.gtmc.hscdn.com","121.53.216.30","sungwonryu1","TCP"
"28855","spmd.melon.com.gtmc.hscdn.com","121.53.216.30","sungwonryu1","TCP"
"28857","spmd.melon.com.gtmc.hscdn.com","121.53.216.30","sungwonryu1","TCP"
"28909","211.249.216.10","211.249.216.10","sungwonryu1","TCP"
"28957","spmd.melon.com.gtmc.hscdn.com","121.53.216.30","sungwonryu1","TCP"
"28959","spmd.melon.com.gtmc.hscdn.com","121.53.216.30","sungwonryu1","TCP"
"28961","spmd.melon.com.gtmc.hscdn.com","121.53.216.30","sungwonryu1","TCP"
"28963","spmd.melon.com.gtmc.hscdn.com","121.53.216.30","sungwonryu1","TCP"
"28965","spmd.melon.com.gtmc.hscdn.com","121.53.216.30","sungwonryu1","TCP"
"28967","spmd.melon.com.gtmc.hscdn.com","121.53.216.30","sungwonryu1","TCP"
"28980","211.249.216.10","211.249.216.10","sungwonryu1","TCP"
"28982","211.249.216.10","211.249.216.10","sungwonryu1","TCP"
"28984","211.249.216.10","211.249.216.10","sungwonryu1","TCP"
"29186","spmd.melon.com.gtmc.hscdn.com","121.53.216.30","sungwonryu1","TCP"
"29188","spmd.melon.com.gtmc.hscdn.com","121.53.216.30","sungwonryu1","TCP"
"29190","spmd.melon.com.gtmc.hscdn.com","121.53.216.30","sungwonryu1","TCP"
"29192","spmd.melon.com.gtmc.hscdn.com","121.53.216.30","sungwonryu1","TCP"
"29194","spmd.melon.com.gtmc.hscdn.com","121.53.216.30","sungwonryu1","TCP"
"29196","spmd.melon.com.gtmc.hscdn.com","121.53.216.30","sungwonryu1","TCP"
"29198","spmd.melon.com.gtmc.hscdn.com","121.53.216.30","sungwonryu1","TCP"
"29200","spmd.melon.com.gtmc.hscdn.com","121.53.216.30","sungwonryu1","TCP"
"29202","spmd.melon.com.gtmc.hscdn.com","121.53.216.30","sungwonryu1","TCP"
"29204","spmd.melon.com.gtmc.hscdn.com","121.53.216.30","sungwonryu1","TCP"
"29206","spmd.melon.com.gtmc.hscdn.com","121.53.216.30","sungwonryu1","TCP"
"29208","spmd.melon.com.gtmc.hscdn.com","121.53.216.30","sungwonryu1","TCP"
"29210","spmd.melon.com.gtmc.hscdn.com","121.53.216.30","sungwonryu1","TCP"
"29212","spmd.melon.com.gtmc.hscdn.com","121.53.216.30","sungwonryu1","TCP"
"29214","spmd.melon.com.gtmc.hscdn.com","121.53.216.30","sungwonryu1","TCP"
"29216","spmd.melon.com.gtmc.hscdn.com","121.53.216.30","sungwonryu1","TCP"
"29218","spmd.melon.com.gtmc.hscdn.com","121.53.216.30","sungwonryu1","TCP"
"29220","spmd.melon.com.gtmc.hscdn.com","121.53.216.30","sungwonryu1","TCP"
"29222","spmd.melon.com.gtmc.hscdn.com","121.53.216.30","sungwonryu1","TCP"
"29224","spmd.melon.com.gtmc.hscdn.com","121.53.216.30","sungwonryu1","TCP"
"29226","spmd.melon.com.gtmc.hscdn.com","121.53.216.30","sungwonryu1","TCP"
"29228","spmd.melon.com.gtmc.hscdn.com","121.53.216.30","sungwonryu1","TCP"
"29230","spmd.melon.com.gtmc.hscdn.com","121.53.216.30","sungwonryu1","TCP"
"29234","spmd.melon.com.gtmc.hscdn.com","121.53.216.30","sungwonryu1","TCP"
"29237","spmd.melon.com.gtmc.hscdn.com","121.53.216.30","sungwonryu1","TCP"
"29239","spmd.melon.com.gtmc.hscdn.com","121.53.216.30","sungwonryu1","TCP"
"29241","spmd.melon.com.gtmc.hscdn.com","121.53.216.30","sungwonryu1","TCP"
"29247","spmd.melon.com.gtmc.hscdn.com","121.53.216.30","sungwonryu1","TCP"
"29249","spmd.melon.com.gtmc.hscdn.com","121.53.216.30","sungwonryu1","TCP"
"29251","spmd.melon.com.gtmc.hscdn.com","121.53.216.30","sungwonryu1","TCP"
"29253","spmd.melon.com.gtmc.hscdn.com","121.53.216.30","sungwonryu1","TCP"
"29255","spmd.melon.com.gtmc.hscdn.com","121.53.216.30","sungwonryu1","TCP"
"29257","spmd.melon.com.gtmc.hscdn.com","121.53.216.30","sungwonryu1","TCP"
"29259","spmd.melon.com.gtmc.hscdn.com","121.53.216.30","sungwonryu1","TCP"
"29261","spmd.melon.com.gtmc.hscdn.com","121.53.216.30","sungwonryu1","TCP"
"29263","spmd.melon.com.gtmc.hscdn.com","121.53.216.30","sungwonryu1","TCP"
"29265","spmd.melon.com.gtmc.hscdn.com","121.53.216.30","sungwonryu1","TCP"
"29267","spmd.melon.com.gtmc.hscdn.com","121.53.216.30","sungwonryu1","TCP"
"29269","spmd.melon.com.gtmc.hscdn.com","121.53.216.30","sungwonryu1","TCP"
"29271","spmd.melon.com.gtmc.hscdn.com","121.53.216.30","sungwonryu1","TCP"
"29273","spmd.melon.com.gtmc.hscdn.com","121.53.216.30","sungwonryu1","TCP"
"29275","spmd.melon.com.gtmc.hscdn.com","121.53.216.30","sungwonryu1","TCP"
"29277","spmd.melon.com.gtmc.hscdn.com","121.53.216.30","sungwonryu1","TCP"
"29279","spmd.melon.com.gtmc.hscdn.com","121.53.216.30","sungwonryu1","TCP"
"29281","spmd.melon.com.gtmc.hscdn.com","121.53.216.30","sungwonryu1","TCP"
"29283","spmd.melon.com.gtmc.hscdn.com","121.53.216.30","sungwonryu1","TCP"
"29292","spmd.melon.com.gtmc.hscdn.com","121.53.216.30","sungwonryu1","TCP"
"29296","spmd.melon.com.gtmc.hscdn.com","121.53.216.30","sungwonryu1","TCP"
"29298","spmd.melon.com.gtmc.hscdn.com","121.53.216.30","sungwonryu1","TCP"
"29300","spmd.melon.com.gtmc.hscdn.com","121.53.216.30","sungwonryu1","TCP"
"29366","211.249.216.10","211.249.216.10","sungwonryu1","TCP"
"29447","spmd.melon.com.gtmc.hscdn.com","121.53.216.30","sungwonryu1","TCP"
"29449","spmd.melon.com.gtmc.hscdn.com","121.53.216.30","sungwonryu1","TCP"
"29451","spmd.melon.com.gtmc.hscdn.com","121.53.216.30","sungwonryu1","TCP"
"29453","spmd.melon.com.gtmc.hscdn.com","121.53.216.30","sungwonryu1","TCP"
"29455","spmd.melon.com.gtmc.hscdn.com","121.53.216.30","sungwonryu1","TCP"
"29457","spmd.melon.com.gtmc.hscdn.com","121.53.216.30","sungwonryu1","TCP"
"29659","spmd.melon.com.gtmc.hscdn.com","121.53.216.30","sungwonryu1","TCP"
"29661","spmd.melon.com.gtmc.hscdn.com","121.53.216.30","sungwonryu1","TCP"
"29663","spmd.melon.com.gtmc.hscdn.com","121.53.216.30","sungwonryu1","TCP"
"29665","spmd.melon.com.gtmc.hscdn.com","121.53.216.30","sungwonryu1","TCP"
"29667","spmd.melon.com.gtmc.hscdn.com","121.53.216.30","sungwonryu1","TCP"
"29669","spmd.melon.com.gtmc.hscdn.com","121.53.216.30","sungwonryu1","TCP"
"29671","spmd.melon.com.gtmc.hscdn.com","121.53.216.30","sungwonryu1","TCP"
"29673","spmd.melon.com.gtmc.hscdn.com","121.53.216.30","sungwonryu1","TCP"
"29675","spmd.melon.com.gtmc.hscdn.com","121.53.216.30","sungwonryu1","TCP"
"29677","spmd.melon.com.gtmc.hscdn.com","121.53.216.30","sungwonryu1","TCP"
"29686","spmd.melon.com.gtmc.hscdn.com","121.53.216.30","sungwonryu1","TCP"
"29688","spmd.melon.com.gtmc.hscdn.com","121.53.216.30","sungwonryu1","TCP"
"29693","spmd.melon.com.gtmc.hscdn.com","121.53.216.30","sungwonryu1","TCP"
"29695","spmd.melon.com.gtmc.hscdn.com","121.53.216.30","sungwonryu1","TCP"
"29697","spmd.melon.com.gtmc.hscdn.com","121.53.216.30","sungwonryu1","TCP"
"29699","spmd.melon.com.gtmc.hscdn.com","121.53.216.30","sungwonryu1","TCP"
"29701","spmd.melon.com.gtmc.hscdn.com","121.53.216.30","sungwonryu1","TCP"
"29703","spmd.melon.com.gtmc.hscdn.com","121.53.216.30","sungwonryu1","TCP"
"29705","spmd.melon.com.gtmc.hscdn.com","121.53.216.30","sungwonryu1","TCP"
"29707","spmd.melon.com.gtmc.hscdn.com","121.53.216.30","sungwonryu1","TCP"
"29709","spmd.melon.com.gtmc.hscdn.com","121.53.216.30","sungwonryu1","TCP"
"29711","spmd.melon.com.gtmc.hscdn.com","121.53.216.30","sungwonryu1","TCP"
"29713","spmd.melon.com.gtmc.hscdn.com","121.53.216.30","sungwonryu1","TCP"
"29715","spmd.melon.com.gtmc.hscdn.com","121.53.216.30","sungwonryu1","TCP"
"29717","spmd.melon.com.gtmc.hscdn.com","121.53.216.30","sungwonryu1","TCP"
"29719","spmd.melon.com.gtmc.hscdn.com","121.53.216.30","sungwonryu1","TCP"
"29721","spmd.melon.com.gtmc.hscdn.com","121.53.216.30","sungwonryu1","TCP"
"29723","spmd.melon.com.gtmc.hscdn.com","121.53.216.30","sungwonryu1","TCP"
"29732","spmd.melon.com.gtmc.hscdn.com","121.53.216.30","sungwonryu1","TCP"
"29734","spmd.melon.com.gtmc.hscdn.com","121.53.216.30","sungwonryu1","TCP"
"29736","spmd.melon.com.gtmc.hscdn.com","121.53.216.30","sungwonryu1","TCP"
"29741","spmd.melon.com.gtmc.hscdn.com","121.53.216.30","sungwonryu1","TCP"
"29743","spmd.melon.com.gtmc.hscdn.com","121.53.216.30","sungwonryu1","TCP"
"29745","spmd.melon.com.gtmc.hscdn.com","121.53.216.30","sungwonryu1","TCP"
"29747","spmd.melon.com.gtmc.hscdn.com","121.53.216.30","sungwonryu1","TCP"
"29749","spmd.melon.com.gtmc.hscdn.com","121.53.216.30","sungwonryu1","TCP"
"29751","spmd.melon.com.gtmc.hscdn.com","121.53.216.30","sungwonryu1","TCP"
"29753","spmd.melon.com.gtmc.hscdn.com","121.53.216.30","sungwonryu1","TCP"
"29755","spmd.melon.com.gtmc.hscdn.com","121.53.216.30","sungwonryu1","TCP"
"29757","spmd.melon.com.gtmc.hscdn.com","121.53.216.30","sungwonryu1","TCP"
"29759","spmd.melon.com.gtmc.hscdn.com","121.53.216.30","sungwonryu1","TCP"
"29761","spmd.melon.com.gtmc.hscdn.com","121.53.216.30","sungwonryu1","TCP"
"29763","spmd.melon.com.gtmc.hscdn.com","121.53.216.30","sungwonryu1","TCP"
"29765","spmd.melon.com.gtmc.hscdn.com","121.53.216.30","sungwonryu1","TCP"
"29767","spmd.melon.com.gtmc.hscdn.com","121.53.216.30","sungwonryu1","TCP"
"29769","spmd.melon.com.gtmc.hscdn.com","121.53.216.30","sungwonryu1","TCP"
"29771","spmd.melon.com.gtmc.hscdn.com","121.53.216.30","sungwonryu1","TCP"
"29773","spmd.melon.com.gtmc.hscdn.com","121.53.216.30","sungwonryu1","TCP"
"29775","spmd.melon.com.gtmc.hscdn.com","121.53.216.30","sungwonryu1","TCP"
"29777","spmd.melon.com.gtmc.hscdn.com","121.53.216.30","sungwonryu1","TCP"
"29779","spmd.melon.com.gtmc.hscdn.com","121.53.216.30","sungwonryu1","TCP"
"29781","spmd.melon.com.gtmc.hscdn.com","121.53.216.30","sungwonryu1","TCP"
"29783","spmd.melon.com.gtmc.hscdn.com","121.53.216.30","sungwonryu1","TCP"
"29785","spmd.melon.com.gtmc.hscdn.com","121.53.216.30","sungwonryu1","TCP"
"30044","spmd.melon.com.gtmc.hscdn.com","121.53.216.30","sungwonryu1","TCP"
"30046","spmd.melon.com.gtmc.hscdn.com","121.53.216.30","sungwonryu1","TCP"
"30059","spmd.melon.com.gtmc.hscdn.com","121.53.216.30","sungwonryu1","TCP"
"30061","spmd.melon.com.gtmc.hscdn.com","121.53.216.30","sungwonryu1","TCP"
"30063","spmd.melon.com.gtmc.hscdn.com","121.53.216.30","sungwonryu1","TCP"
"30065","spmd.melon.com.gtmc.hscdn.com","121.53.216.30","sungwonryu1","TCP"
"30067","spmd.melon.com.gtmc.hscdn.com","121.53.216.30","sungwonryu1","TCP"
"30069","spmd.melon.com.gtmc.hscdn.com","121.53.216.30","sungwonryu1","TCP"
"30071","spmd.melon.com.gtmc.hscdn.com","121.53.216.30","sungwonryu1","TCP"
"30073","spmd.melon.com.gtmc.hscdn.com","121.53.216.30","sungwonryu1","TCP"
"30075","spmd.melon.com.gtmc.hscdn.com","121.53.216.30","sungwonryu1","TCP"
"30077","spmd.melon.com.gtmc.hscdn.com","121.53.216.30","sungwonryu1","TCP"
"30079","spmd.melon.com.gtmc.hscdn.com","121.53.216.30","sungwonryu1","TCP"
"30081","spmd.melon.com.gtmc.hscdn.com","121.53.216.30","sungwonryu1","TCP"
"30083","spmd.melon.com.gtmc.hscdn.com","121.53.216.30","sungwonryu1","TCP"
"30085","spmd.melon.com.gtmc.hscdn.com","121.53.216.30","sungwonryu1","TCP"
"30087","spmd.melon.com.gtmc.hscdn.com","121.53.216.30","sungwonryu1","TCP"
"30089","spmd.melon.com.gtmc.hscdn.com","121.53.216.30","sungwonryu1","TCP"
"30091","spmd.melon.com.gtmc.hscdn.com","121.53.216.30","sungwonryu1","TCP"
"30093","spmd.melon.com.gtmc.hscdn.com","121.53.216.30","sungwonryu1","TCP"
"30095","spmd.melon.com.gtmc.hscdn.com","121.53.216.30","sungwonryu1","TCP"
"30097","spmd.melon.com.gtmc.hscdn.com","121.53.216.30","sungwonryu1","TCP"
"30099","spmd.melon.com.gtmc.hscdn.com","121.53.216.30","sungwonryu1","TCP"
"30101","spmd.melon.com.gtmc.hscdn.com","121.53.216.30","sungwonryu1","TCP"
"30103","spmd.melon.com.gtmc.hscdn.com","121.53.216.30","sungwonryu1","TCP"
"30105","spmd.melon.com.gtmc.hscdn.com","121.53.216.30","sungwonryu1","TCP"
"30107","spmd.melon.com.gtmc.hscdn.com","121.53.216.30","sungwonryu1","TCP"
"30109","spmd.melon.com.gtmc.hscdn.com","121.53.216.30","sungwonryu1","TCP"
"30111","spmd.melon.com.gtmc.hscdn.com","121.53.216.30","sungwonryu1","TCP"
"30113","spmd.melon.com.gtmc.hscdn.com","121.53.216.30","sungwonryu1","TCP"
"30115","spmd.melon.com.gtmc.hscdn.com","121.53.216.30","sungwonryu1","TCP"
"30117","spmd.melon.com.gtmc.hscdn.com","121.53.216.30","sungwonryu1","TCP"
"30119","spmd.melon.com.gtmc.hscdn.com","121.53.216.30","sungwonryu1","TCP"
"30121","spmd.melon.com.gtmc.hscdn.com","121.53.216.30","sungwonryu1","TCP"
"30123","spmd.melon.com.gtmc.hscdn.com","121.53.216.30","sungwonryu1","TCP"
"30125","spmd.melon.com.gtmc.hscdn.com","121.53.216.30","sungwonryu1","TCP"
"30127","spmd.melon.com.gtmc.hscdn.com","121.53.216.30","sungwonryu1","TCP"
"30129","spmd.melon.com.gtmc.hscdn.com","121.53.216.30","sungwonryu1","TCP"
"30131","spmd.melon.com.gtmc.hscdn.com","121.53.216.30","sungwonryu1","TCP"
"30133","spmd.melon.com.gtmc.hscdn.com","121.53.216.30","sungwonryu1","TCP"
"30135","spmd.melon.com.gtmc.hscdn.com","121.53.216.30","sungwonryu1","TCP"
"30137","spmd.melon.com.gtmc.hscdn.com","121.53.216.30","sungwonryu1","TCP"
"30139","spmd.melon.com.gtmc.hscdn.com","121.53.216.30","sungwonryu1","TCP"
"30141","spmd.melon.com.gtmc.hscdn.com","121.53.216.30","sungwonryu1","TCP"
"30145","spmd.melon.com.gtmc.hscdn.com","121.53.216.30","sungwonryu1","TCP"
"30147","spmd.melon.com.gtmc.hscdn.com","121.53.216.30","sungwonryu1","TCP"
"30150","spmd.melon.com.gtmc.hscdn.com","121.53.216.30","sungwonryu1","TCP"
"30152","spmd.melon.com.gtmc.hscdn.com","121.53.216.30","sungwonryu1","TCP"
"30154","spmd.melon.com.gtmc.hscdn.com","121.53.216.30","sungwonryu1","TCP"
"30156","spmd.melon.com.gtmc.hscdn.com","121.53.216.30","sungwonryu1","TCP"
"30158","spmd.melon.com.gtmc.hscdn.com","121.53.216.30","sungwonryu1","TCP"
"30160","spmd.melon.com.gtmc.hscdn.com","121.53.216.30","sungwonryu1","TCP"
"30165","spmd.melon.com.gtmc.hscdn.com","121.53.216.30","sungwonryu1","TCP"
"30167","spmd.melon.com.gtmc.hscdn.com","121.53.216.30","sungwonryu1","TCP"
"30169","spmd.melon.com.gtmc.hscdn.com","121.53.216.30","sungwonryu1","TCP"
"30171","spmd.melon.com.gtmc.hscdn.com","121.53.216.30","sungwonryu1","TCP"
"30173","spmd.melon.com.gtmc.hscdn.com","121.53.216.30","sungwonryu1","TCP"
"30175","spmd.melon.com.gtmc.hscdn.com","121.53.216.30","sungwonryu1","TCP"
"30177","spmd.melon.com.gtmc.hscdn.com","121.53.216.30","sungwonryu1","TCP"
"30179","spmd.melon.com.gtmc.hscdn.com","121.53.216.30","sungwonryu1","HTTP"
"32494","nrt12s15-in-f3.1e100.net","172.217.27.67","sungwonryu1","TLSv1.2"
"32502","cdnimg.melon.co.kr.gtmc.hscdn.com","211.249.216.7","sungwonryu1","TCP"
"32508","cdnimg.melon.co.kr.gtmc.hscdn.com","211.249.216.7","sungwonryu1","TCP"
"32510","cdnimg.melon.co.kr.gtmc.hscdn.com","211.249.216.7","sungwonryu1","TCP"
"32512","cdnimg.melon.co.kr.gtmc.hscdn.com","211.249.216.7","sungwonryu1","TCP"
"32516","nrt12s13-in-f10.1e100.net","172.217.25.202","sungwonryu1","TCP"
"32542","cdnimg.melon.co.kr.gtmc.hscdn.com","211.249.216.7","sungwonryu1","TCP"
"32544","cdnimg.melon.co.kr.gtmc.hscdn.com","211.249.216.7","sungwonryu1","TCP"
"32548","nrt12s13-in-f10.1e100.net","172.217.25.202","sungwonryu1","TCP"
"32553","cdnimg.melon.co.kr.gtmc.hscdn.com","211.249.216.7","sungwonryu1","TCP"
"32716","nrt20s20-in-f14.1e100.net","172.217.175.78","sungwonryu1","TLSv1.2"
"32718","nrt20s20-in-f14.1e100.net","172.217.175.78","sungwonryu1","TCP"
"32846","nrt20s20-in-f14.1e100.net","172.217.175.78","sungwonryu1","TCP"
"32996","smmd.melon.com.gtmc.hscdn.com","211.249.216.17","sungwonryu1","TCP"
"33059","cdnimg.melon.co.kr.gtmc.hscdn.com","211.249.216.7","sungwonryu1","TCP"
"33061","cdnimg.melon.co.kr.gtmc.hscdn.com","211.249.216.7","sungwonryu1","TCP"
"33063","cdnimg.melon.co.kr.gtmc.hscdn.com","211.249.216.7","sungwonryu1","TCP"
"34195","smmd.melon.com.gtmc.hscdn.com","211.249.216.17","sungwonryu1","TCP"
"34416","nrt20s18-in-f10.1e100.net","172.217.175.10","sungwonryu1","TCP"
"34758","nrt20s18-in-f10.1e100.net","172.217.175.10","sungwonryu1","TCP"
"35969","nrt20s19-in-f10.1e100.net","172.217.175.42","sungwonryu1","TLSv1.2"
"35971","nrt20s19-in-f10.1e100.net","172.217.175.42","sungwonryu1","TCP"
"36159","nrt20s19-in-f10.1e100.net","172.217.175.42","sungwonryu1","TCP"
"36399","nrt20s19-in-f10.1e100.net","172.217.175.42","sungwonryu1","TLSv1.2"
"36537","nrt20s19-in-f10.1e100.net","172.217.175.42","sungwonryu1","TCP"
"36846","nrt20s19-in-f10.1e100.net","172.217.175.42","sungwonryu1","TCP"
"38660","spmd.melon.com.gtmc.hscdn.com","121.53.216.30","sungwonryu1","TCP"
"39184","spmd.melon.com.gtmc.hscdn.com","121.53.216.30","sungwonryu1","TCP"
"39373","spmd.melon.com.gtmc.hscdn.com","121.53.216.30","sungwonryu1","TCP"
"41376","nrt12s22-in-f10.1e100.net","172.217.31.170","sungwonryu1","TCP"
"41483","nrt12s22-in-f10.1e100.net","172.217.31.170","sungwonryu1","TCP"
"49832","pugot.canonical.com","91.189.94.4","sungwonryu1","NTP"
