No.,Host,Ip,dst,Protocol
6,server-13-225-132-82.icn54.r.cloudfront.net,13.225.132.82,sungwonryu1,TCP
8,server-13-225-132-82.icn54.r.cloudfront.net,13.225.132.82,sungwonryu1,TLSv1.2
10,server-13-225-132-82.icn54.r.cloudfront.net,13.225.132.82,sungwonryu1,TLSv1.2
18,server-13-225-132-82.icn54.r.cloudfront.net,13.225.132.82,sungwonryu1,TLSv1.2
20,server-13-225-132-82.icn54.r.cloudfront.net,13.225.132.82,sungwonryu1,TLSv1.2
26,server-13-225-132-82.icn54.r.cloudfront.net,13.225.132.82,sungwonryu1,TCP
30,server-13-225-132-82.icn54.r.cloudfront.net,13.225.132.82,sungwonryu1,TCP
34,server-13-225-105-67.icn54.r.cloudfront.net,13.225.105.67,sungwonryu1,TLSv1.2
36,server-13-225-105-67.icn54.r.cloudfront.net,13.225.105.67,sungwonryu1,TLSv1.2
42,server-13-225-105-67.icn54.r.cloudfront.net,13.225.105.67,sungwonryu1,TCP
46,server-13-225-105-67.icn54.r.cloudfront.net,13.225.105.67,sungwonryu1,TCP
48,server-13-225-105-67.icn54.r.cloudfront.net,13.225.105.67,sungwonryu1,TCP
50,server-13-225-105-67.icn54.r.cloudfront.net,13.225.105.67,sungwonryu1,TCP
52,server-13-225-105-67.icn54.r.cloudfront.net,13.225.105.67,sungwonryu1,TCP
54,server-13-225-105-67.icn54.r.cloudfront.net,13.225.105.67,sungwonryu1,TLSv1.2
56,server-13-225-105-67.icn54.r.cloudfront.net,13.225.105.67,sungwonryu1,TLSv1.2
60,server-13-225-105-67.icn54.r.cloudfront.net,13.225.105.67,sungwonryu1,TCP
78,server-13-225-105-67.icn54.r.cloudfront.net,13.225.105.67,sungwonryu1,TCP
80,server-13-225-105-49.icn54.r.cloudfront.net,13.225.105.49,sungwonryu1,TCP
82,server-13-225-105-49.icn54.r.cloudfront.net,13.225.105.49,sungwonryu1,TCP
84,server-13-225-105-49.icn54.r.cloudfront.net,13.225.105.49,sungwonryu1,TCP
86,server-13-225-105-49.icn54.r.cloudfront.net,13.225.105.49,sungwonryu1,TCP
88,server-13-225-105-49.icn54.r.cloudfront.net,13.225.105.49,sungwonryu1,TCP
90,server-13-225-105-49.icn54.r.cloudfront.net,13.225.105.49,sungwonryu1,TCP
92,server-13-225-105-49.icn54.r.cloudfront.net,13.225.105.49,sungwonryu1,TCP
94,server-13-225-105-49.icn54.r.cloudfront.net,13.225.105.49,sungwonryu1,TCP
96,server-13-225-105-49.icn54.r.cloudfront.net,13.225.105.49,sungwonryu1,TCP
98,server-13-225-105-49.icn54.r.cloudfront.net,13.225.105.49,sungwonryu1,TLSv1.2
100,server-13-225-105-67.icn54.r.cloudfront.net,13.225.105.67,sungwonryu1,TLSv1.2
102,server-13-225-105-67.icn54.r.cloudfront.net,13.225.105.67,sungwonryu1,TLSv1.2
104,server-13-225-105-67.icn54.r.cloudfront.net,13.225.105.67,sungwonryu1,TCP
106,server-13-225-105-67.icn54.r.cloudfront.net,13.225.105.67,sungwonryu1,TLSv1.2
108,server-13-225-105-67.icn54.r.cloudfront.net,13.225.105.67,sungwonryu1,TLSv1.2
130,server-13-225-105-67.icn54.r.cloudfront.net,13.225.105.67,sungwonryu1,TCP
132,server-13-225-105-67.icn54.r.cloudfront.net,13.225.105.67,sungwonryu1,TCP
134,server-13-225-105-67.icn54.r.cloudfront.net,13.225.105.67,sungwonryu1,TCP
136,server-13-225-105-67.icn54.r.cloudfront.net,13.225.105.67,sungwonryu1,TCP
138,server-13-225-105-67.icn54.r.cloudfront.net,13.225.105.67,sungwonryu1,TCP
140,server-13-225-105-67.icn54.r.cloudfront.net,13.225.105.67,sungwonryu1,TCP
142,server-13-225-105-67.icn54.r.cloudfront.net,13.225.105.67,sungwonryu1,TCP
144,server-13-225-105-67.icn54.r.cloudfront.net,13.225.105.67,sungwonryu1,TCP
146,server-13-225-105-67.icn54.r.cloudfront.net,13.225.105.67,sungwonryu1,TCP
148,server-13-225-105-67.icn54.r.cloudfront.net,13.225.105.67,sungwonryu1,TCP
150,server-13-225-105-67.icn54.r.cloudfront.net,13.225.105.67,sungwonryu1,TCP
152,server-13-225-105-67.icn54.r.cloudfront.net,13.225.105.67,sungwonryu1,TLSv1.2
154,server-13-225-105-67.icn54.r.cloudfront.net,13.225.105.67,sungwonryu1,TCP
156,server-13-225-105-67.icn54.r.cloudfront.net,13.225.105.67,sungwonryu1,TCP
158,server-13-225-105-67.icn54.r.cloudfront.net,13.225.105.67,sungwonryu1,TCP
160,server-13-225-105-67.icn54.r.cloudfront.net,13.225.105.67,sungwonryu1,TCP
162,server-13-225-105-67.icn54.r.cloudfront.net,13.225.105.67,sungwonryu1,TCP
164,server-13-225-105-67.icn54.r.cloudfront.net,13.225.105.67,sungwonryu1,TCP
166,server-13-225-105-67.icn54.r.cloudfront.net,13.225.105.67,sungwonryu1,TCP
168,server-13-225-105-67.icn54.r.cloudfront.net,13.225.105.67,sungwonryu1,TCP
170,server-13-225-105-67.icn54.r.cloudfront.net,13.225.105.67,sungwonryu1,TLSv1.2
172,server-13-225-105-67.icn54.r.cloudfront.net,13.225.105.67,sungwonryu1,TLSv1.2
176,server-13-225-105-49.icn54.r.cloudfront.net,13.225.105.49,sungwonryu1,TCP
178,server-13-225-105-49.icn54.r.cloudfront.net,13.225.105.49,sungwonryu1,TCP
180,server-13-225-105-49.icn54.r.cloudfront.net,13.225.105.49,sungwonryu1,TCP
182,server-13-225-105-49.icn54.r.cloudfront.net,13.225.105.49,sungwonryu1,TCP
184,server-13-225-105-49.icn54.r.cloudfront.net,13.225.105.49,sungwonryu1,TCP
186,server-13-225-105-49.icn54.r.cloudfront.net,13.225.105.49,sungwonryu1,TCP
188,server-13-225-105-49.icn54.r.cloudfront.net,13.225.105.49,sungwonryu1,TCP
196,server-13-225-105-49.icn54.r.cloudfront.net,13.225.105.49,sungwonryu1,TCP
198,server-13-225-105-49.icn54.r.cloudfront.net,13.225.105.49,sungwonryu1,TCP
200,server-13-225-105-49.icn54.r.cloudfront.net,13.225.105.49,sungwonryu1,TLSv1.2
240,server-13-225-105-49.icn54.r.cloudfront.net,13.225.105.49,sungwonryu1,TCP
242,server-13-225-105-49.icn54.r.cloudfront.net,13.225.105.49,sungwonryu1,TCP
244,server-13-225-105-49.icn54.r.cloudfront.net,13.225.105.49,sungwonryu1,TCP
246,server-13-225-105-49.icn54.r.cloudfront.net,13.225.105.49,sungwonryu1,TCP
248,server-13-225-105-49.icn54.r.cloudfront.net,13.225.105.49,sungwonryu1,TLSv1.2
256,server-13-225-105-49.icn54.r.cloudfront.net,13.225.105.49,sungwonryu1,TCP
258,server-13-225-105-49.icn54.r.cloudfront.net,13.225.105.49,sungwonryu1,TCP
260,server-13-225-105-49.icn54.r.cloudfront.net,13.225.105.49,sungwonryu1,TCP
262,server-13-225-105-49.icn54.r.cloudfront.net,13.225.105.49,sungwonryu1,TCP
264,server-13-225-105-49.icn54.r.cloudfront.net,13.225.105.49,sungwonryu1,TCP
266,server-13-225-105-49.icn54.r.cloudfront.net,13.225.105.49,sungwonryu1,TCP
268,server-13-225-105-49.icn54.r.cloudfront.net,13.225.105.49,sungwonryu1,TCP
270,server-13-225-105-49.icn54.r.cloudfront.net,13.225.105.49,sungwonryu1,TLSv1.2
272,server-13-225-105-49.icn54.r.cloudfront.net,13.225.105.49,sungwonryu1,TLSv1.2
274,server-13-225-105-49.icn54.r.cloudfront.net,13.225.105.49,sungwonryu1,TCP
276,server-13-225-105-49.icn54.r.cloudfront.net,13.225.105.49,sungwonryu1,TCP
278,server-13-225-105-49.icn54.r.cloudfront.net,13.225.105.49,sungwonryu1,TCP
280,server-13-225-105-49.icn54.r.cloudfront.net,13.225.105.49,sungwonryu1,TCP
282,server-13-225-105-49.icn54.r.cloudfront.net,13.225.105.49,sungwonryu1,TCP
284,server-13-225-105-49.icn54.r.cloudfront.net,13.225.105.49,sungwonryu1,TCP
286,server-13-225-105-49.icn54.r.cloudfront.net,13.225.105.49,sungwonryu1,TLSv1.2
360,server-13-225-105-67.icn54.r.cloudfront.net,13.225.105.67,sungwonryu1,TLSv1.2
362,server-13-225-105-67.icn54.r.cloudfront.net,13.225.105.67,sungwonryu1,TLSv1.2
8559,server-13-225-105-67.icn54.r.cloudfront.net,13.225.105.67,sungwonryu1,TLSv1.2
8561,server-13-225-105-67.icn54.r.cloudfront.net,13.225.105.67,sungwonryu1,TLSv1.2
17881,server-13-225-105-49.icn54.r.cloudfront.net,13.225.105.49,sungwonryu1,TCP
17883,server-13-225-105-49.icn54.r.cloudfront.net,13.225.105.49,sungwonryu1,TCP
17885,server-13-225-105-49.icn54.r.cloudfront.net,13.225.105.49,sungwonryu1,TCP
17895,server-13-225-105-49.icn54.r.cloudfront.net,13.225.105.49,sungwonryu1,TCP
17897,server-13-225-105-49.icn54.r.cloudfront.net,13.225.105.49,sungwonryu1,TCP
17899,server-13-225-105-49.icn54.r.cloudfront.net,13.225.105.49,sungwonryu1,TCP
17901,server-13-225-105-49.icn54.r.cloudfront.net,13.225.105.49,sungwonryu1,TCP
17903,server-13-225-105-49.icn54.r.cloudfront.net,13.225.105.49,sungwonryu1,TLSv1.2
18013,server-13-225-105-49.icn54.r.cloudfront.net,13.225.105.49,sungwonryu1,TCP
18016,server-13-225-105-49.icn54.r.cloudfront.net,13.225.105.49,sungwonryu1,TCP
18019,server-13-225-105-49.icn54.r.cloudfront.net,13.225.105.49,sungwonryu1,TCP
18021,server-13-225-105-49.icn54.r.cloudfront.net,13.225.105.49,sungwonryu1,TCP
18023,server-13-225-105-49.icn54.r.cloudfront.net,13.225.105.49,sungwonryu1,TCP
18025,server-13-225-105-49.icn54.r.cloudfront.net,13.225.105.49,sungwonryu1,TCP
18027,server-13-225-105-49.icn54.r.cloudfront.net,13.225.105.49,sungwonryu1,TLSv1.2
18081,server-13-225-105-49.icn54.r.cloudfront.net,13.225.105.49,sungwonryu1,TCP
18115,server-13-225-105-49.icn54.r.cloudfront.net,13.225.105.49,sungwonryu1,TCP
18155,server-13-225-105-49.icn54.r.cloudfront.net,13.225.105.49,sungwonryu1,TCP
23455,server-13-225-132-82.icn54.r.cloudfront.net,13.225.132.82,sungwonryu1,TCP
23457,server-13-225-132-82.icn54.r.cloudfront.net,13.225.132.82,sungwonryu1,TLSv1.2
23459,server-13-225-132-82.icn54.r.cloudfront.net,13.225.132.82,sungwonryu1,TLSv1.2
23469,server-13-225-105-67.icn54.r.cloudfront.net,13.225.105.67,sungwonryu1,TLSv1.2
23471,server-13-225-105-67.icn54.r.cloudfront.net,13.225.105.67,sungwonryu1,TLSv1.2
23477,server-13-225-105-67.icn54.r.cloudfront.net,13.225.105.67,sungwonryu1,TCP
23479,server-13-225-105-67.icn54.r.cloudfront.net,13.225.105.67,sungwonryu1,TCP
23481,server-13-225-105-67.icn54.r.cloudfront.net,13.225.105.67,sungwonryu1,TCP
23483,server-13-225-105-67.icn54.r.cloudfront.net,13.225.105.67,sungwonryu1,TCP
23485,server-13-225-105-67.icn54.r.cloudfront.net,13.225.105.67,sungwonryu1,TCP
23495,server-13-225-105-67.icn54.r.cloudfront.net,13.225.105.67,sungwonryu1,TLSv1.2
23503,server-13-225-105-67.icn54.r.cloudfront.net,13.225.105.67,sungwonryu1,TCP
23507,server-13-225-105-49.icn54.r.cloudfront.net,13.225.105.49,sungwonryu1,TCP
23509,server-13-225-105-49.icn54.r.cloudfront.net,13.225.105.49,sungwonryu1,TCP
23511,server-13-225-105-49.icn54.r.cloudfront.net,13.225.105.49,sungwonryu1,TCP
23513,server-13-225-105-49.icn54.r.cloudfront.net,13.225.105.49,sungwonryu1,TCP
23515,server-13-225-105-49.icn54.r.cloudfront.net,13.225.105.49,sungwonryu1,TCP
23517,server-13-225-105-49.icn54.r.cloudfront.net,13.225.105.49,sungwonryu1,TCP
23519,server-13-225-105-49.icn54.r.cloudfront.net,13.225.105.49,sungwonryu1,TCP
23525,server-13-225-105-49.icn54.r.cloudfront.net,13.225.105.49,sungwonryu1,TCP
23527,server-13-225-105-49.icn54.r.cloudfront.net,13.225.105.49,sungwonryu1,TCP
23529,server-13-225-105-49.icn54.r.cloudfront.net,13.225.105.49,sungwonryu1,TCP
23531,server-13-225-105-49.icn54.r.cloudfront.net,13.225.105.49,sungwonryu1,TLSv1.2
23533,server-13-225-105-49.icn54.r.cloudfront.net,13.225.105.49,sungwonryu1,TCP
23535,server-13-225-105-67.icn54.r.cloudfront.net,13.225.105.67,sungwonryu1,TLSv1.2
23537,server-13-225-105-67.icn54.r.cloudfront.net,13.225.105.67,sungwonryu1,TLSv1.2
23547,server-13-225-105-49.icn54.r.cloudfront.net,13.225.105.49,sungwonryu1,TLSv1.2
23549,server-13-225-105-67.icn54.r.cloudfront.net,13.225.105.67,sungwonryu1,TCP
23551,server-13-225-105-67.icn54.r.cloudfront.net,13.225.105.67,sungwonryu1,TLSv1.2
23553,server-13-225-105-67.icn54.r.cloudfront.net,13.225.105.67,sungwonryu1,TLSv1.2
23555,server-13-225-105-67.icn54.r.cloudfront.net,13.225.105.67,sungwonryu1,TCP
23557,server-13-225-105-67.icn54.r.cloudfront.net,13.225.105.67,sungwonryu1,TCP
23559,server-13-225-105-67.icn54.r.cloudfront.net,13.225.105.67,sungwonryu1,TCP
23561,server-13-225-105-67.icn54.r.cloudfront.net,13.225.105.67,sungwonryu1,TCP
23563,server-13-225-105-67.icn54.r.cloudfront.net,13.225.105.67,sungwonryu1,TCP
23565,server-13-225-105-67.icn54.r.cloudfront.net,13.225.105.67,sungwonryu1,TCP
23567,server-13-225-105-49.icn54.r.cloudfront.net,13.225.105.49,sungwonryu1,TCP
23569,server-13-225-105-49.icn54.r.cloudfront.net,13.225.105.49,sungwonryu1,TCP
23571,server-13-225-105-49.icn54.r.cloudfront.net,13.225.105.49,sungwonryu1,TCP
23573,server-13-225-105-49.icn54.r.cloudfront.net,13.225.105.49,sungwonryu1,TCP
23589,server-13-225-105-67.icn54.r.cloudfront.net,13.225.105.67,sungwonryu1,TCP
23591,server-13-225-105-67.icn54.r.cloudfront.net,13.225.105.67,sungwonryu1,TLSv1.2
23593,server-13-225-105-49.icn54.r.cloudfront.net,13.225.105.49,sungwonryu1,TCP
23595,server-13-225-105-49.icn54.r.cloudfront.net,13.225.105.49,sungwonryu1,TCP
23597,server-13-225-105-49.icn54.r.cloudfront.net,13.225.105.49,sungwonryu1,TCP
23599,server-13-225-105-49.icn54.r.cloudfront.net,13.225.105.49,sungwonryu1,TCP
23601,server-13-225-105-49.icn54.r.cloudfront.net,13.225.105.49,sungwonryu1,TCP
23603,server-13-225-105-49.icn54.r.cloudfront.net,13.225.105.49,sungwonryu1,TCP
23605,server-13-225-105-49.icn54.r.cloudfront.net,13.225.105.49,sungwonryu1,TCP
23607,server-13-225-105-49.icn54.r.cloudfront.net,13.225.105.49,sungwonryu1,TLSv1.2
23609,server-13-225-105-49.icn54.r.cloudfront.net,13.225.105.49,sungwonryu1,TLSv1.2
23611,server-13-225-105-67.icn54.r.cloudfront.net,13.225.105.67,sungwonryu1,TCP
23613,server-13-225-105-49.icn54.r.cloudfront.net,13.225.105.49,sungwonryu1,TCP
23637,server-13-225-105-49.icn54.r.cloudfront.net,13.225.105.49,sungwonryu1,TCP
23641,server-13-225-105-49.icn54.r.cloudfront.net,13.225.105.49,sungwonryu1,TCP
23643,server-13-225-105-49.icn54.r.cloudfront.net,13.225.105.49,sungwonryu1,TCP
23647,server-13-225-105-49.icn54.r.cloudfront.net,13.225.105.49,sungwonryu1,TCP
23649,server-13-225-105-49.icn54.r.cloudfront.net,13.225.105.49,sungwonryu1,TCP
23651,server-13-225-105-49.icn54.r.cloudfront.net,13.225.105.49,sungwonryu1,TLSv1.2
23659,server-13-225-105-49.icn54.r.cloudfront.net,13.225.105.49,sungwonryu1,TCP
23663,server-13-225-105-49.icn54.r.cloudfront.net,13.225.105.49,sungwonryu1,TCP
23667,server-13-225-105-49.icn54.r.cloudfront.net,13.225.105.49,sungwonryu1,TCP
23671,server-13-225-105-49.icn54.r.cloudfront.net,13.225.105.49,sungwonryu1,TCP
23675,server-13-225-105-49.icn54.r.cloudfront.net,13.225.105.49,sungwonryu1,TCP
23679,server-13-225-105-49.icn54.r.cloudfront.net,13.225.105.49,sungwonryu1,TLSv1.2
23683,server-13-225-105-49.icn54.r.cloudfront.net,13.225.105.49,sungwonryu1,TCP
23685,server-13-225-105-49.icn54.r.cloudfront.net,13.225.105.49,sungwonryu1,TCP
23687,server-13-225-105-49.icn54.r.cloudfront.net,13.225.105.49,sungwonryu1,TCP
23689,server-13-225-105-49.icn54.r.cloudfront.net,13.225.105.49,sungwonryu1,TCP
23691,server-13-225-105-49.icn54.r.cloudfront.net,13.225.105.49,sungwonryu1,TCP
23693,server-13-225-105-49.icn54.r.cloudfront.net,13.225.105.49,sungwonryu1,TLSv1.2
23711,server-13-225-105-67.icn54.r.cloudfront.net,13.225.105.67,sungwonryu1,TLSv1.2
23713,server-13-225-105-67.icn54.r.cloudfront.net,13.225.105.67,sungwonryu1,TLSv1.2
29119,server-13-225-105-67.icn54.r.cloudfront.net,13.225.105.67,sungwonryu1,TLSv1.2
29121,server-13-225-105-67.icn54.r.cloudfront.net,13.225.105.67,sungwonryu1,TLSv1.2
29479,server-13-225-105-67.icn54.r.cloudfront.net,13.225.105.67,sungwonryu1,TCP
29753,server-13-225-105-67.icn54.r.cloudfront.net,13.225.105.67,sungwonryu1,TCP
59519,server-13-225-105-120.icn54.r.cloudfront.net,13.225.105.120,sungwonryu1,TLSv1.2
59521,server-13-225-105-120.icn54.r.cloudfront.net,13.225.105.120,sungwonryu1,TLSv1.2
59523,server-13-225-105-120.icn54.r.cloudfront.net,13.225.105.120,sungwonryu1,TCP
59531,server-13-225-105-120.icn54.r.cloudfront.net,13.225.105.120,sungwonryu1,TCP
59571,server-13-225-132-82.icn54.r.cloudfront.net,13.225.132.82,sungwonryu1,TLSv1.2
59573,server-13-225-132-82.icn54.r.cloudfront.net,13.225.132.82,sungwonryu1,TLSv1.2
59575,server-13-225-105-49.icn54.r.cloudfront.net,13.225.105.49,sungwonryu1,TCP
59577,server-13-225-105-67.icn54.r.cloudfront.net,13.225.105.67,sungwonryu1,TCP
59585,server-13-225-105-49.icn54.r.cloudfront.net,13.225.105.49,sungwonryu1,TCP
59587,server-13-225-105-49.icn54.r.cloudfront.net,13.225.105.49,sungwonryu1,TCP
59593,server-13-225-105-49.icn54.r.cloudfront.net,13.225.105.49,sungwonryu1,TCP
59595,server-13-225-105-49.icn54.r.cloudfront.net,13.225.105.49,sungwonryu1,TCP
59597,server-13-225-105-49.icn54.r.cloudfront.net,13.225.105.49,sungwonryu1,TLSv1.2
59605,server-13-225-105-67.icn54.r.cloudfront.net,13.225.105.67,sungwonryu1,TCP
59607,server-13-225-105-67.icn54.r.cloudfront.net,13.225.105.67,sungwonryu1,TCP
59609,server-13-225-105-67.icn54.r.cloudfront.net,13.225.105.67,sungwonryu1,TCP
59611,server-13-225-105-67.icn54.r.cloudfront.net,13.225.105.67,sungwonryu1,TCP
59613,server-13-225-105-67.icn54.r.cloudfront.net,13.225.105.67,sungwonryu1,TLSv1.2
59627,server-13-225-105-67.icn54.r.cloudfront.net,13.225.105.67,sungwonryu1,TCP
59633,server-13-225-105-67.icn54.r.cloudfront.net,13.225.105.67,sungwonryu1,TCP
59635,server-13-225-105-49.icn54.r.cloudfront.net,13.225.105.49,sungwonryu1,TCP
59637,server-13-225-105-67.icn54.r.cloudfront.net,13.225.105.67,sungwonryu1,TLSv1.2
59639,server-13-225-105-67.icn54.r.cloudfront.net,13.225.105.67,sungwonryu1,TLSv1.2
59649,server-13-225-105-49.icn54.r.cloudfront.net,13.225.105.49,sungwonryu1,TCP
59651,server-13-225-105-49.icn54.r.cloudfront.net,13.225.105.49,sungwonryu1,TCP
59655,server-13-225-105-67.icn54.r.cloudfront.net,13.225.105.67,sungwonryu1,TCP
59657,server-13-225-105-67.icn54.r.cloudfront.net,13.225.105.67,sungwonryu1,TLSv1.2
59659,server-13-225-105-67.icn54.r.cloudfront.net,13.225.105.67,sungwonryu1,TLSv1.2
59661,server-13-225-105-49.icn54.r.cloudfront.net,13.225.105.49,sungwonryu1,TCP
59669,server-13-225-105-67.icn54.r.cloudfront.net,13.225.105.67,sungwonryu1,TCP
59671,server-13-225-105-67.icn54.r.cloudfront.net,13.225.105.67,sungwonryu1,TCP
59673,server-13-225-105-67.icn54.r.cloudfront.net,13.225.105.67,sungwonryu1,TCP
59675,server-13-225-105-67.icn54.r.cloudfront.net,13.225.105.67,sungwonryu1,TCP
59677,server-13-225-105-67.icn54.r.cloudfront.net,13.225.105.67,sungwonryu1,TLSv1.2
59679,server-13-225-105-49.icn54.r.cloudfront.net,13.225.105.49,sungwonryu1,TCP
59681,server-13-225-105-49.icn54.r.cloudfront.net,13.225.105.49,sungwonryu1,TCP
59693,server-13-225-105-49.icn54.r.cloudfront.net,13.225.105.49,sungwonryu1,TCP
59697,server-13-225-105-49.icn54.r.cloudfront.net,13.225.105.49,sungwonryu1,TCP
59701,server-13-225-105-49.icn54.r.cloudfront.net,13.225.105.49,sungwonryu1,TCP
59703,server-13-225-105-49.icn54.r.cloudfront.net,13.225.105.49,sungwonryu1,TCP
59705,server-13-225-105-49.icn54.r.cloudfront.net,13.225.105.49,sungwonryu1,TCP
59707,server-13-225-105-67.icn54.r.cloudfront.net,13.225.105.67,sungwonryu1,TLSv1.2
59709,server-13-225-105-67.icn54.r.cloudfront.net,13.225.105.67,sungwonryu1,TLSv1.2
59711,server-13-225-105-49.icn54.r.cloudfront.net,13.225.105.49,sungwonryu1,TLSv1.2
59713,server-13-225-105-49.icn54.r.cloudfront.net,13.225.105.49,sungwonryu1,TCP
59715,server-13-225-105-49.icn54.r.cloudfront.net,13.225.105.49,sungwonryu1,TLSv1.2
59717,server-13-225-105-49.icn54.r.cloudfront.net,13.225.105.49,sungwonryu1,TCP
59719,server-13-225-105-49.icn54.r.cloudfront.net,13.225.105.49,sungwonryu1,TCP
59721,server-13-225-105-49.icn54.r.cloudfront.net,13.225.105.49,sungwonryu1,TCP
59745,server-13-225-105-49.icn54.r.cloudfront.net,13.225.105.49,sungwonryu1,TCP
59751,server-13-225-105-49.icn54.r.cloudfront.net,13.225.105.49,sungwonryu1,TCP
59753,server-13-225-105-49.icn54.r.cloudfront.net,13.225.105.49,sungwonryu1,TCP
59759,server-13-225-105-49.icn54.r.cloudfront.net,13.225.105.49,sungwonryu1,TCP
59765,server-13-225-105-49.icn54.r.cloudfront.net,13.225.105.49,sungwonryu1,TCP
59767,server-13-225-105-49.icn54.r.cloudfront.net,13.225.105.49,sungwonryu1,TCP
59769,server-13-225-105-49.icn54.r.cloudfront.net,13.225.105.49,sungwonryu1,TCP
59771,server-13-225-105-49.icn54.r.cloudfront.net,13.225.105.49,sungwonryu1,TLSv1.2
59783,server-13-225-105-49.icn54.r.cloudfront.net,13.225.105.49,sungwonryu1,TCP
59787,server-13-225-105-49.icn54.r.cloudfront.net,13.225.105.49,sungwonryu1,TLSv1.2
64491,server-13-225-132-82.icn54.r.cloudfront.net,13.225.132.82,sungwonryu1,TLSv1.2
64493,server-13-225-132-82.icn54.r.cloudfront.net,13.225.132.82,sungwonryu1,TLSv1.2
64501,server-13-225-105-67.icn54.r.cloudfront.net,13.225.105.67,sungwonryu1,TLSv1.2
64503,server-13-225-105-67.icn54.r.cloudfront.net,13.225.105.67,sungwonryu1,TLSv1.2
64507,server-13-225-105-67.icn54.r.cloudfront.net,13.225.105.67,sungwonryu1,TCP
64511,server-13-225-105-67.icn54.r.cloudfront.net,13.225.105.67,sungwonryu1,TCP
64513,server-13-225-105-67.icn54.r.cloudfront.net,13.225.105.67,sungwonryu1,TCP
64515,server-13-225-105-67.icn54.r.cloudfront.net,13.225.105.67,sungwonryu1,TCP
64517,server-13-225-105-67.icn54.r.cloudfront.net,13.225.105.67,sungwonryu1,TCP
64519,server-13-225-105-67.icn54.r.cloudfront.net,13.225.105.67,sungwonryu1,TLSv1.2
64521,server-13-225-105-67.icn54.r.cloudfront.net,13.225.105.67,sungwonryu1,TLSv1.2
64539,server-13-225-105-67.icn54.r.cloudfront.net,13.225.105.67,sungwonryu1,TCP
64543,server-13-225-105-67.icn54.r.cloudfront.net,13.225.105.67,sungwonryu1,TLSv1.2
64545,server-13-225-105-67.icn54.r.cloudfront.net,13.225.105.67,sungwonryu1,TLSv1.2
64549,server-13-225-105-67.icn54.r.cloudfront.net,13.225.105.67,sungwonryu1,TCP
64551,server-13-225-105-67.icn54.r.cloudfront.net,13.225.105.67,sungwonryu1,TLSv1.2
64553,server-13-225-105-67.icn54.r.cloudfront.net,13.225.105.67,sungwonryu1,TLSv1.2
64555,server-13-225-105-67.icn54.r.cloudfront.net,13.225.105.67,sungwonryu1,TCP
64557,server-13-225-105-67.icn54.r.cloudfront.net,13.225.105.67,sungwonryu1,TCP
64559,server-13-225-105-67.icn54.r.cloudfront.net,13.225.105.67,sungwonryu1,TCP
64561,server-13-225-105-67.icn54.r.cloudfront.net,13.225.105.67,sungwonryu1,TCP
64569,server-13-225-105-67.icn54.r.cloudfront.net,13.225.105.67,sungwonryu1,TCP
64571,server-13-225-105-67.icn54.r.cloudfront.net,13.225.105.67,sungwonryu1,TCP
64573,server-13-225-105-67.icn54.r.cloudfront.net,13.225.105.67,sungwonryu1,TCP
64579,server-13-225-105-67.icn54.r.cloudfront.net,13.225.105.67,sungwonryu1,TCP
64581,server-13-225-105-67.icn54.r.cloudfront.net,13.225.105.67,sungwonryu1,TCP
64583,server-13-225-105-67.icn54.r.cloudfront.net,13.225.105.67,sungwonryu1,TCP
64585,server-13-225-105-67.icn54.r.cloudfront.net,13.225.105.67,sungwonryu1,TCP
64587,server-13-225-105-67.icn54.r.cloudfront.net,13.225.105.67,sungwonryu1,TLSv1.2
64589,server-13-225-105-67.icn54.r.cloudfront.net,13.225.105.67,sungwonryu1,TCP
64595,server-13-225-105-67.icn54.r.cloudfront.net,13.225.105.67,sungwonryu1,TCP
64597,server-13-225-105-67.icn54.r.cloudfront.net,13.225.105.67,sungwonryu1,TCP
64599,server-13-225-105-67.icn54.r.cloudfront.net,13.225.105.67,sungwonryu1,TCP
64601,server-13-225-105-67.icn54.r.cloudfront.net,13.225.105.67,sungwonryu1,TCP
64609,server-13-225-105-67.icn54.r.cloudfront.net,13.225.105.67,sungwonryu1,TCP
64611,server-13-225-105-67.icn54.r.cloudfront.net,13.225.105.67,sungwonryu1,TCP
64613,server-13-225-105-67.icn54.r.cloudfront.net,13.225.105.67,sungwonryu1,TCP
64617,server-13-225-105-67.icn54.r.cloudfront.net,13.225.105.67,sungwonryu1,TLSv1.2
64619,server-13-225-105-67.icn54.r.cloudfront.net,13.225.105.67,sungwonryu1,TCP
64621,server-13-225-105-67.icn54.r.cloudfront.net,13.225.105.67,sungwonryu1,TLSv1.2
64631,server-13-225-105-67.icn54.r.cloudfront.net,13.225.105.67,sungwonryu1,TLSv1.2
64633,server-13-225-105-67.icn54.r.cloudfront.net,13.225.105.67,sungwonryu1,TLSv1.2
68103,server-13-225-105-67.icn54.r.cloudfront.net,13.225.105.67,sungwonryu1,TLSv1.2
68105,server-13-225-105-67.icn54.r.cloudfront.net,13.225.105.67,sungwonryu1,TLSv1.2
68251,server-13-225-105-67.icn54.r.cloudfront.net,13.225.105.67,sungwonryu1,TCP
68255,server-13-225-105-67.icn54.r.cloudfront.net,13.225.105.67,sungwonryu1,TCP
68261,server-13-225-105-67.icn54.r.cloudfront.net,13.225.105.67,sungwonryu1,TCP
68269,server-13-225-105-67.icn54.r.cloudfront.net,13.225.105.67,sungwonryu1,TCP
68367,server-13-225-105-67.icn54.r.cloudfront.net,13.225.105.67,sungwonryu1,TCP
68369,server-13-225-105-67.icn54.r.cloudfront.net,13.225.105.67,sungwonryu1,TCP
68469,server-13-225-105-67.icn54.r.cloudfront.net,13.225.105.67,sungwonryu1,TCP
68471,server-13-225-105-67.icn54.r.cloudfront.net,13.225.105.67,sungwonryu1,TCP
68665,server-13-225-105-67.icn54.r.cloudfront.net,13.225.105.67,sungwonryu1,TCP
103833,server-13-225-105-67.icn54.r.cloudfront.net,13.225.105.67,sungwonryu1,TCP
103837,server-13-225-105-67.icn54.r.cloudfront.net,13.225.105.67,sungwonryu1,TCP
103839,server-13-225-105-67.icn54.r.cloudfront.net,13.225.105.67,sungwonryu1,TCP
103841,server-13-225-105-67.icn54.r.cloudfront.net,13.225.105.67,sungwonryu1,TCP
103843,server-13-225-105-67.icn54.r.cloudfront.net,13.225.105.67,sungwonryu1,TCP
103845,server-13-225-105-67.icn54.r.cloudfront.net,13.225.105.67,sungwonryu1,TCP
103847,server-13-225-105-67.icn54.r.cloudfront.net,13.225.105.67,sungwonryu1,TCP
103849,server-13-225-105-67.icn54.r.cloudfront.net,13.225.105.67,sungwonryu1,TCP
103851,server-13-225-105-67.icn54.r.cloudfront.net,13.225.105.67,sungwonryu1,TCP
103853,server-13-225-105-67.icn54.r.cloudfront.net,13.225.105.67,sungwonryu1,TCP
103855,server-13-225-105-67.icn54.r.cloudfront.net,13.225.105.67,sungwonryu1,TCP
103857,server-13-225-105-67.icn54.r.cloudfront.net,13.225.105.67,sungwonryu1,TCP
103859,server-13-225-105-67.icn54.r.cloudfront.net,13.225.105.67,sungwonryu1,TLSv1.2
103861,server-13-225-105-67.icn54.r.cloudfront.net,13.225.105.67,sungwonryu1,TLSv1.2
103863,server-13-225-105-67.icn54.r.cloudfront.net,13.225.105.67,sungwonryu1,TCP
103865,server-13-225-105-67.icn54.r.cloudfront.net,13.225.105.67,sungwonryu1,TCP
103867,server-13-225-105-67.icn54.r.cloudfront.net,13.225.105.67,sungwonryu1,TCP
103869,server-13-225-105-67.icn54.r.cloudfront.net,13.225.105.67,sungwonryu1,TCP
103871,server-13-225-105-67.icn54.r.cloudfront.net,13.225.105.67,sungwonryu1,TLSv1.2
103875,server-13-225-105-67.icn54.r.cloudfront.net,13.225.105.67,sungwonryu1,TCP
103877,server-13-225-105-67.icn54.r.cloudfront.net,13.225.105.67,sungwonryu1,TLSv1.2
103879,server-13-225-105-67.icn54.r.cloudfront.net,13.225.105.67,sungwonryu1,TCP
103881,server-13-225-105-67.icn54.r.cloudfront.net,13.225.105.67,sungwonryu1,TCP
103883,server-13-225-105-67.icn54.r.cloudfront.net,13.225.105.67,sungwonryu1,TCP
103885,server-13-225-105-67.icn54.r.cloudfront.net,13.225.105.67,sungwonryu1,TCP
103887,server-13-225-105-67.icn54.r.cloudfront.net,13.225.105.67,sungwonryu1,TCP
103889,server-13-225-105-67.icn54.r.cloudfront.net,13.225.105.67,sungwonryu1,TCP
103891,server-13-225-105-67.icn54.r.cloudfront.net,13.225.105.67,sungwonryu1,TCP
103893,server-13-225-105-67.icn54.r.cloudfront.net,13.225.105.67,sungwonryu1,TCP
103895,server-13-225-105-67.icn54.r.cloudfront.net,13.225.105.67,sungwonryu1,TCP
103897,server-13-225-105-67.icn54.r.cloudfront.net,13.225.105.67,sungwonryu1,TCP
103901,server-13-225-105-67.icn54.r.cloudfront.net,13.225.105.67,sungwonryu1,TCP
103903,server-13-225-105-67.icn54.r.cloudfront.net,13.225.105.67,sungwonryu1,TLSv1.2
103905,server-13-225-105-67.icn54.r.cloudfront.net,13.225.105.67,sungwonryu1,TCP
103907,server-13-225-105-67.icn54.r.cloudfront.net,13.225.105.67,sungwonryu1,TCP
103909,server-13-225-105-67.icn54.r.cloudfront.net,13.225.105.67,sungwonryu1,TCP
103911,server-13-225-105-67.icn54.r.cloudfront.net,13.225.105.67,sungwonryu1,TCP
103913,server-13-225-105-67.icn54.r.cloudfront.net,13.225.105.67,sungwonryu1,TLSv1.2
103971,server-13-225-105-49.icn54.r.cloudfront.net,13.225.105.49,sungwonryu1,TCP
103975,server-13-225-105-49.icn54.r.cloudfront.net,13.225.105.49,sungwonryu1,TCP
103977,server-13-225-105-49.icn54.r.cloudfront.net,13.225.105.49,sungwonryu1,TCP
103981,server-13-225-105-49.icn54.r.cloudfront.net,13.225.105.49,sungwonryu1,TCP
103983,server-13-225-105-49.icn54.r.cloudfront.net,13.225.105.49,sungwonryu1,TCP
103985,server-13-225-105-49.icn54.r.cloudfront.net,13.225.105.49,sungwonryu1,TCP
103987,server-13-225-105-49.icn54.r.cloudfront.net,13.225.105.49,sungwonryu1,TCP
103991,server-13-225-105-49.icn54.r.cloudfront.net,13.225.105.49,sungwonryu1,TCP
103993,server-13-225-105-49.icn54.r.cloudfront.net,13.225.105.49,sungwonryu1,TCP
103995,server-13-225-105-49.icn54.r.cloudfront.net,13.225.105.49,sungwonryu1,TCP
103997,server-13-225-105-49.icn54.r.cloudfront.net,13.225.105.49,sungwonryu1,TCP
103999,server-13-225-105-49.icn54.r.cloudfront.net,13.225.105.49,sungwonryu1,TLSv1.2
104001,server-13-225-105-49.icn54.r.cloudfront.net,13.225.105.49,sungwonryu1,TCP
104025,server-13-225-105-49.icn54.r.cloudfront.net,13.225.105.49,sungwonryu1,TCP
104029,server-13-225-105-49.icn54.r.cloudfront.net,13.225.105.49,sungwonryu1,TCP
104031,server-13-225-105-49.icn54.r.cloudfront.net,13.225.105.49,sungwonryu1,TCP
104033,server-13-225-105-49.icn54.r.cloudfront.net,13.225.105.49,sungwonryu1,TLSv1.2
104035,server-13-225-105-49.icn54.r.cloudfront.net,13.225.105.49,sungwonryu1,TCP
104043,server-13-225-105-49.icn54.r.cloudfront.net,13.225.105.49,sungwonryu1,TCP
104045,server-13-225-105-49.icn54.r.cloudfront.net,13.225.105.49,sungwonryu1,TCP
104049,server-13-225-105-49.icn54.r.cloudfront.net,13.225.105.49,sungwonryu1,TCP
104053,server-13-225-105-49.icn54.r.cloudfront.net,13.225.105.49,sungwonryu1,TCP
104055,server-13-225-105-49.icn54.r.cloudfront.net,13.225.105.49,sungwonryu1,TCP
104057,server-13-225-105-49.icn54.r.cloudfront.net,13.225.105.49,sungwonryu1,TCP
104061,server-13-225-105-49.icn54.r.cloudfront.net,13.225.105.49,sungwonryu1,TCP
104065,server-13-225-105-49.icn54.r.cloudfront.net,13.225.105.49,sungwonryu1,TCP
104067,server-13-225-105-49.icn54.r.cloudfront.net,13.225.105.49,sungwonryu1,TCP
104071,server-13-225-105-49.icn54.r.cloudfront.net,13.225.105.49,sungwonryu1,TLSv1.2
104073,server-13-225-105-49.icn54.r.cloudfront.net,13.225.105.49,sungwonryu1,TCP
104089,server-13-225-105-49.icn54.r.cloudfront.net,13.225.105.49,sungwonryu1,TCP
104091,server-13-225-105-49.icn54.r.cloudfront.net,13.225.105.49,sungwonryu1,TCP
104095,server-13-225-105-49.icn54.r.cloudfront.net,13.225.105.49,sungwonryu1,TCP
104097,server-13-225-105-49.icn54.r.cloudfront.net,13.225.105.49,sungwonryu1,TCP
104127,server-13-225-132-82.icn54.r.cloudfront.net,13.225.132.82,sungwonryu1,TLSv1.2
104129,server-13-225-132-82.icn54.r.cloudfront.net,13.225.132.82,sungwonryu1,TLSv1.2
104133,server-13-225-105-49.icn54.r.cloudfront.net,13.225.105.49,sungwonryu1,TCP
104135,server-13-225-105-49.icn54.r.cloudfront.net,13.225.105.49,sungwonryu1,TCP
104139,server-13-225-105-49.icn54.r.cloudfront.net,13.225.105.49,sungwonryu1,TCP
104141,server-13-225-105-49.icn54.r.cloudfront.net,13.225.105.49,sungwonryu1,TCP
104143,server-13-225-132-82.icn54.r.cloudfront.net,13.225.132.82,sungwonryu1,TLSv1.2
104145,server-13-225-132-82.icn54.r.cloudfront.net,13.225.132.82,sungwonryu1,TLSv1.2
104155,server-13-225-105-49.icn54.r.cloudfront.net,13.225.105.49,sungwonryu1,TCP
104157,server-13-225-105-49.icn54.r.cloudfront.net,13.225.105.49,sungwonryu1,TLSv1.2
104161,server-13-225-105-49.icn54.r.cloudfront.net,13.225.105.49,sungwonryu1,TLSv1.2
104163,server-13-225-105-49.icn54.r.cloudfront.net,13.225.105.49,sungwonryu1,TCP
104167,server-13-225-105-49.icn54.r.cloudfront.net,13.225.105.49,sungwonryu1,TCP
104169,server-13-225-105-49.icn54.r.cloudfront.net,13.225.105.49,sungwonryu1,TCP
104175,server-13-225-105-49.icn54.r.cloudfront.net,13.225.105.49,sungwonryu1,TCP
104177,server-13-225-105-49.icn54.r.cloudfront.net,13.225.105.49,sungwonryu1,TCP
104181,server-13-225-105-49.icn54.r.cloudfront.net,13.225.105.49,sungwonryu1,TCP
104183,server-13-225-105-49.icn54.r.cloudfront.net,13.225.105.49,sungwonryu1,TCP
104185,server-13-225-105-67.icn54.r.cloudfront.net,13.225.105.67,sungwonryu1,TCP
104187,server-13-225-105-67.icn54.r.cloudfront.net,13.225.105.67,sungwonryu1,TLSv1.2
104189,server-13-225-105-67.icn54.r.cloudfront.net,13.225.105.67,sungwonryu1,TLSv1.2
104197,server-13-225-105-49.icn54.r.cloudfront.net,13.225.105.49,sungwonryu1,TCP
104199,server-13-225-105-49.icn54.r.cloudfront.net,13.225.105.49,sungwonryu1,TCP
104201,server-13-225-105-49.icn54.r.cloudfront.net,13.225.105.49,sungwonryu1,TCP
104203,server-13-225-105-49.icn54.r.cloudfront.net,13.225.105.49,sungwonryu1,TLSv1.2
104205,server-13-225-105-49.icn54.r.cloudfront.net,13.225.105.49,sungwonryu1,TCP
104207,server-13-225-105-49.icn54.r.cloudfront.net,13.225.105.49,sungwonryu1,TLSv1.2
104209,server-13-225-105-67.icn54.r.cloudfront.net,13.225.105.67,sungwonryu1,TCP
104211,server-13-225-105-67.icn54.r.cloudfront.net,13.225.105.67,sungwonryu1,TCP
104213,server-13-225-105-67.icn54.r.cloudfront.net,13.225.105.67,sungwonryu1,TCP
104215,server-13-225-105-67.icn54.r.cloudfront.net,13.225.105.67,sungwonryu1,TLSv1.2
104217,server-13-225-105-67.icn54.r.cloudfront.net,13.225.105.67,sungwonryu1,TLSv1.2
104229,server-13-225-105-49.icn54.r.cloudfront.net,13.225.105.49,sungwonryu1,TCP
104237,server-13-225-105-67.icn54.r.cloudfront.net,13.225.105.67,sungwonryu1,TCP
104241,server-13-225-105-67.icn54.r.cloudfront.net,13.225.105.67,sungwonryu1,TLSv1.2
104243,server-13-225-105-67.icn54.r.cloudfront.net,13.225.105.67,sungwonryu1,TLSv1.2
104247,server-13-225-105-49.icn54.r.cloudfront.net,13.225.105.49,sungwonryu1,TCP
104249,server-13-225-105-49.icn54.r.cloudfront.net,13.225.105.49,sungwonryu1,TCP
104253,server-13-225-105-49.icn54.r.cloudfront.net,13.225.105.49,sungwonryu1,TCP
104257,server-13-225-105-49.icn54.r.cloudfront.net,13.225.105.49,sungwonryu1,TCP
104259,server-13-225-105-49.icn54.r.cloudfront.net,13.225.105.49,sungwonryu1,TCP
104263,server-13-225-105-67.icn54.r.cloudfront.net,13.225.105.67,sungwonryu1,TCP
104265,server-13-225-105-67.icn54.r.cloudfront.net,13.225.105.67,sungwonryu1,TLSv1.2
104267,server-13-225-105-67.icn54.r.cloudfront.net,13.225.105.67,sungwonryu1,TLSv1.2
104271,server-13-225-105-49.icn54.r.cloudfront.net,13.225.105.49,sungwonryu1,TCP
104273,server-13-225-105-49.icn54.r.cloudfront.net,13.225.105.49,sungwonryu1,TCP
104275,server-13-225-105-67.icn54.r.cloudfront.net,13.225.105.67,sungwonryu1,TCP
104277,server-13-225-105-67.icn54.r.cloudfront.net,13.225.105.67,sungwonryu1,TCP
104279,server-13-225-105-67.icn54.r.cloudfront.net,13.225.105.67,sungwonryu1,TLSv1.2
104281,server-13-225-105-67.icn54.r.cloudfront.net,13.225.105.67,sungwonryu1,TLSv1.2
104289,server-13-225-105-49.icn54.r.cloudfront.net,13.225.105.49,sungwonryu1,TCP
104291,server-13-225-105-49.icn54.r.cloudfront.net,13.225.105.49,sungwonryu1,TCP
104295,server-13-225-105-49.icn54.r.cloudfront.net,13.225.105.49,sungwonryu1,TCP
104297,server-13-225-105-49.icn54.r.cloudfront.net,13.225.105.49,sungwonryu1,TLSv1.2
104301,server-13-225-105-49.icn54.r.cloudfront.net,13.225.105.49,sungwonryu1,TCP
104303,server-13-225-105-49.icn54.r.cloudfront.net,13.225.105.49,sungwonryu1,TCP
104309,server-13-225-105-49.icn54.r.cloudfront.net,13.225.105.49,sungwonryu1,TCP
104311,server-13-225-105-49.icn54.r.cloudfront.net,13.225.105.49,sungwonryu1,TCP
104313,server-13-225-105-49.icn54.r.cloudfront.net,13.225.105.49,sungwonryu1,TLSv1.2
104321,server-13-225-105-49.icn54.r.cloudfront.net,13.225.105.49,sungwonryu1,TCP
104325,server-13-225-105-49.icn54.r.cloudfront.net,13.225.105.49,sungwonryu1,TCP
104327,server-13-225-105-49.icn54.r.cloudfront.net,13.225.105.49,sungwonryu1,TCP
104333,server-13-225-105-49.icn54.r.cloudfront.net,13.225.105.49,sungwonryu1,TCP
104335,server-13-225-105-49.icn54.r.cloudfront.net,13.225.105.49,sungwonryu1,TCP
104339,server-13-225-105-49.icn54.r.cloudfront.net,13.225.105.49,sungwonryu1,TCP
104341,server-13-225-105-49.icn54.r.cloudfront.net,13.225.105.49,sungwonryu1,TCP
104343,server-13-225-105-49.icn54.r.cloudfront.net,13.225.105.49,sungwonryu1,TCP
104345,server-13-225-105-49.icn54.r.cloudfront.net,13.225.105.49,sungwonryu1,TCP
104347,server-13-225-105-49.icn54.r.cloudfront.net,13.225.105.49,sungwonryu1,TCP
104349,server-13-225-105-49.icn54.r.cloudfront.net,13.225.105.49,sungwonryu1,TCP
104351,server-13-225-105-49.icn54.r.cloudfront.net,13.225.105.49,sungwonryu1,TLSv1.2
104353,server-13-225-105-49.icn54.r.cloudfront.net,13.225.105.49,sungwonryu1,TCP
104355,server-13-225-105-49.icn54.r.cloudfront.net,13.225.105.49,sungwonryu1,TCP
104357,server-13-225-105-49.icn54.r.cloudfront.net,13.225.105.49,sungwonryu1,TLSv1.2
104359,server-13-225-105-49.icn54.r.cloudfront.net,13.225.105.49,sungwonryu1,TCP
104367,server-13-225-105-49.icn54.r.cloudfront.net,13.225.105.49,sungwonryu1,TCP
104369,server-13-225-105-49.icn54.r.cloudfront.net,13.225.105.49,sungwonryu1,TCP
104373,server-13-225-105-49.icn54.r.cloudfront.net,13.225.105.49,sungwonryu1,TCP
104375,server-13-225-105-49.icn54.r.cloudfront.net,13.225.105.49,sungwonryu1,TCP
104377,server-13-225-105-49.icn54.r.cloudfront.net,13.225.105.49,sungwonryu1,TCP
104379,server-13-225-105-49.icn54.r.cloudfront.net,13.225.105.49,sungwonryu1,TLSv1.2
104446,server-13-225-105-67.icn54.r.cloudfront.net,13.225.105.67,sungwonryu1,TLSv1.2
104448,server-13-225-105-67.icn54.r.cloudfront.net,13.225.105.67,sungwonryu1,TLSv1.2
104454,server-13-225-105-67.icn54.r.cloudfront.net,13.225.105.67,sungwonryu1,TCP
104458,server-13-225-105-67.icn54.r.cloudfront.net,13.225.105.67,sungwonryu1,TCP
110684,server-13-225-105-67.icn54.r.cloudfront.net,13.225.105.67,sungwonryu1,TCP
110686,server-13-225-105-67.icn54.r.cloudfront.net,13.225.105.67,sungwonryu1,TLSv1.2
110688,server-13-225-105-67.icn54.r.cloudfront.net,13.225.105.67,sungwonryu1,TLSv1.2
110690,server-13-225-105-67.icn54.r.cloudfront.net,13.225.105.67,sungwonryu1,TLSv1.2
142819,server-13-225-105-67.icn54.r.cloudfront.net,13.225.105.67,sungwonryu1,TCP
142821,server-13-225-105-67.icn54.r.cloudfront.net,13.225.105.67,sungwonryu1,TCP
142823,server-13-225-105-67.icn54.r.cloudfront.net,13.225.105.67,sungwonryu1,TCP
142825,server-13-225-105-67.icn54.r.cloudfront.net,13.225.105.67,sungwonryu1,TCP
142827,server-13-225-105-67.icn54.r.cloudfront.net,13.225.105.67,sungwonryu1,TCP
142829,server-13-225-105-67.icn54.r.cloudfront.net,13.225.105.67,sungwonryu1,TCP
142831,server-13-225-105-67.icn54.r.cloudfront.net,13.225.105.67,sungwonryu1,TCP
142833,server-13-225-105-67.icn54.r.cloudfront.net,13.225.105.67,sungwonryu1,TCP
142835,server-13-225-105-67.icn54.r.cloudfront.net,13.225.105.67,sungwonryu1,TCP
142837,server-13-225-105-67.icn54.r.cloudfront.net,13.225.105.67,sungwonryu1,TCP
142839,server-13-225-105-67.icn54.r.cloudfront.net,13.225.105.67,sungwonryu1,TCP
142841,server-13-225-105-67.icn54.r.cloudfront.net,13.225.105.67,sungwonryu1,TCP
142845,server-13-225-105-67.icn54.r.cloudfront.net,13.225.105.67,sungwonryu1,TLSv1.2
142847,server-13-225-105-67.icn54.r.cloudfront.net,13.225.105.67,sungwonryu1,TCP
142849,server-13-225-105-67.icn54.r.cloudfront.net,13.225.105.67,sungwonryu1,TCP
142851,server-13-225-105-67.icn54.r.cloudfront.net,13.225.105.67,sungwonryu1,TCP
142853,server-13-225-105-67.icn54.r.cloudfront.net,13.225.105.67,sungwonryu1,TCP
142855,server-13-225-105-67.icn54.r.cloudfront.net,13.225.105.67,sungwonryu1,TCP
142857,server-13-225-105-67.icn54.r.cloudfront.net,13.225.105.67,sungwonryu1,TLSv1.2
142917,server-13-225-105-67.icn54.r.cloudfront.net,13.225.105.67,sungwonryu1,TCP
142919,server-13-225-105-67.icn54.r.cloudfront.net,13.225.105.67,sungwonryu1,TCP
142921,server-13-225-105-67.icn54.r.cloudfront.net,13.225.105.67,sungwonryu1,TCP
142923,server-13-225-105-67.icn54.r.cloudfront.net,13.225.105.67,sungwonryu1,TCP
142925,server-13-225-105-67.icn54.r.cloudfront.net,13.225.105.67,sungwonryu1,TCP
142927,server-13-225-105-67.icn54.r.cloudfront.net,13.225.105.67,sungwonryu1,TCP
142929,server-13-225-105-67.icn54.r.cloudfront.net,13.225.105.67,sungwonryu1,TCP
142931,server-13-225-105-67.icn54.r.cloudfront.net,13.225.105.67,sungwonryu1,TCP
142933,server-13-225-105-67.icn54.r.cloudfront.net,13.225.105.67,sungwonryu1,TCP
142935,server-13-225-105-67.icn54.r.cloudfront.net,13.225.105.67,sungwonryu1,TCP
142937,server-13-225-105-67.icn54.r.cloudfront.net,13.225.105.67,sungwonryu1,TCP
142939,server-13-225-105-67.icn54.r.cloudfront.net,13.225.105.67,sungwonryu1,TLSv1.2
142941,server-13-225-105-67.icn54.r.cloudfront.net,13.225.105.67,sungwonryu1,TCP
142943,server-13-225-105-67.icn54.r.cloudfront.net,13.225.105.67,sungwonryu1,TCP
142945,server-13-225-105-67.icn54.r.cloudfront.net,13.225.105.67,sungwonryu1,TCP
142947,server-13-225-105-67.icn54.r.cloudfront.net,13.225.105.67,sungwonryu1,TCP
142949,server-13-225-105-67.icn54.r.cloudfront.net,13.225.105.67,sungwonryu1,TCP
142951,server-13-225-105-67.icn54.r.cloudfront.net,13.225.105.67,sungwonryu1,TCP
142953,server-13-225-105-67.icn54.r.cloudfront.net,13.225.105.67,sungwonryu1,TLSv1.2
142955,server-13-225-105-67.icn54.r.cloudfront.net,13.225.105.67,sungwonryu1,TLSv1.2
142977,server-13-225-105-67.icn54.r.cloudfront.net,13.225.105.67,sungwonryu1,TCP
142979,server-13-225-105-67.icn54.r.cloudfront.net,13.225.105.67,sungwonryu1,TCP
142981,server-13-225-105-67.icn54.r.cloudfront.net,13.225.105.67,sungwonryu1,TCP
142983,server-13-225-105-67.icn54.r.cloudfront.net,13.225.105.67,sungwonryu1,TCP
142985,server-13-225-105-67.icn54.r.cloudfront.net,13.225.105.67,sungwonryu1,TCP
142987,server-13-225-105-67.icn54.r.cloudfront.net,13.225.105.67,sungwonryu1,TCP
142989,server-13-225-105-67.icn54.r.cloudfront.net,13.225.105.67,sungwonryu1,TCP
142991,server-13-225-105-67.icn54.r.cloudfront.net,13.225.105.67,sungwonryu1,TCP
142993,server-13-225-105-67.icn54.r.cloudfront.net,13.225.105.67,sungwonryu1,TCP
142995,server-13-225-105-67.icn54.r.cloudfront.net,13.225.105.67,sungwonryu1,TCP
142997,server-13-225-105-67.icn54.r.cloudfront.net,13.225.105.67,sungwonryu1,TCP
142999,server-13-225-105-67.icn54.r.cloudfront.net,13.225.105.67,sungwonryu1,TLSv1.2
143001,server-13-225-105-67.icn54.r.cloudfront.net,13.225.105.67,sungwonryu1,TCP
143003,server-13-225-105-67.icn54.r.cloudfront.net,13.225.105.67,sungwonryu1,TCP
143005,server-13-225-105-67.icn54.r.cloudfront.net,13.225.105.67,sungwonryu1,TCP
143007,server-13-225-105-67.icn54.r.cloudfront.net,13.225.105.67,sungwonryu1,TCP
143009,server-13-225-105-67.icn54.r.cloudfront.net,13.225.105.67,sungwonryu1,TCP
143011,server-13-225-105-67.icn54.r.cloudfront.net,13.225.105.67,sungwonryu1,TLSv1.2
143013,server-13-225-105-67.icn54.r.cloudfront.net,13.225.105.67,sungwonryu1,TCP
143015,server-13-225-105-67.icn54.r.cloudfront.net,13.225.105.67,sungwonryu1,TCP
143017,server-13-225-105-67.icn54.r.cloudfront.net,13.225.105.67,sungwonryu1,TCP
143019,server-13-225-105-67.icn54.r.cloudfront.net,13.225.105.67,sungwonryu1,TCP
143021,server-13-225-105-67.icn54.r.cloudfront.net,13.225.105.67,sungwonryu1,TCP
143023,server-13-225-105-67.icn54.r.cloudfront.net,13.225.105.67,sungwonryu1,TCP
143025,server-13-225-105-67.icn54.r.cloudfront.net,13.225.105.67,sungwonryu1,TCP
143027,server-13-225-105-67.icn54.r.cloudfront.net,13.225.105.67,sungwonryu1,TCP
143029,server-13-225-105-67.icn54.r.cloudfront.net,13.225.105.67,sungwonryu1,TCP
143031,server-13-225-105-67.icn54.r.cloudfront.net,13.225.105.67,sungwonryu1,TCP
143033,server-13-225-105-67.icn54.r.cloudfront.net,13.225.105.67,sungwonryu1,TCP
143043,server-13-225-105-67.icn54.r.cloudfront.net,13.225.105.67,sungwonryu1,TLSv1.2
143055,server-13-225-105-67.icn54.r.cloudfront.net,13.225.105.67,sungwonryu1,TCP
143057,server-13-225-105-67.icn54.r.cloudfront.net,13.225.105.67,sungwonryu1,TCP
143059,server-13-225-105-67.icn54.r.cloudfront.net,13.225.105.67,sungwonryu1,TCP
143071,server-13-225-105-67.icn54.r.cloudfront.net,13.225.105.67,sungwonryu1,TCP
143073,server-13-225-105-67.icn54.r.cloudfront.net,13.225.105.67,sungwonryu1,TCP
143075,server-13-225-105-67.icn54.r.cloudfront.net,13.225.105.67,sungwonryu1,TLSv1.2
143077,server-13-225-105-67.icn54.r.cloudfront.net,13.225.105.67,sungwonryu1,TCP
143079,server-13-225-105-67.icn54.r.cloudfront.net,13.225.105.67,sungwonryu1,TLSv1.2
143091,server-13-225-105-67.icn54.r.cloudfront.net,13.225.105.67,sungwonryu1,TCP
143093,server-13-225-105-67.icn54.r.cloudfront.net,13.225.105.67,sungwonryu1,TCP
143095,server-13-225-105-67.icn54.r.cloudfront.net,13.225.105.67,sungwonryu1,TCP
143097,server-13-225-105-67.icn54.r.cloudfront.net,13.225.105.67,sungwonryu1,TCP
143099,server-13-225-105-67.icn54.r.cloudfront.net,13.225.105.67,sungwonryu1,TCP
143101,server-13-225-105-67.icn54.r.cloudfront.net,13.225.105.67,sungwonryu1,TCP
143109,server-13-225-105-67.icn54.r.cloudfront.net,13.225.105.67,sungwonryu1,TCP
143111,server-13-225-105-67.icn54.r.cloudfront.net,13.225.105.67,sungwonryu1,TCP
143113,server-13-225-105-67.icn54.r.cloudfront.net,13.225.105.67,sungwonryu1,TCP
143115,server-13-225-105-67.icn54.r.cloudfront.net,13.225.105.67,sungwonryu1,TCP
143117,server-13-225-105-67.icn54.r.cloudfront.net,13.225.105.67,sungwonryu1,TLSv1.2
143119,server-13-225-105-67.icn54.r.cloudfront.net,13.225.105.67,sungwonryu1,TCP
143121,server-13-225-105-67.icn54.r.cloudfront.net,13.225.105.67,sungwonryu1,TCP
143123,server-13-225-105-67.icn54.r.cloudfront.net,13.225.105.67,sungwonryu1,TCP
143127,server-13-225-105-67.icn54.r.cloudfront.net,13.225.105.67,sungwonryu1,TCP
143129,server-13-225-105-67.icn54.r.cloudfront.net,13.225.105.67,sungwonryu1,TCP
143131,server-13-225-105-67.icn54.r.cloudfront.net,13.225.105.67,sungwonryu1,TLSv1.2
143133,server-13-225-105-67.icn54.r.cloudfront.net,13.225.105.67,sungwonryu1,TCP
143135,server-13-225-105-67.icn54.r.cloudfront.net,13.225.105.67,sungwonryu1,TCP
143137,server-13-225-105-67.icn54.r.cloudfront.net,13.225.105.67,sungwonryu1,TCP
143139,server-13-225-105-67.icn54.r.cloudfront.net,13.225.105.67,sungwonryu1,TCP
143141,server-13-225-105-67.icn54.r.cloudfront.net,13.225.105.67,sungwonryu1,TCP
143143,server-13-225-105-67.icn54.r.cloudfront.net,13.225.105.67,sungwonryu1,TCP
143145,server-13-225-105-67.icn54.r.cloudfront.net,13.225.105.67,sungwonryu1,TCP
143147,server-13-225-105-67.icn54.r.cloudfront.net,13.225.105.67,sungwonryu1,TCP
143149,server-13-225-105-67.icn54.r.cloudfront.net,13.225.105.67,sungwonryu1,TCP
143151,server-13-225-105-67.icn54.r.cloudfront.net,13.225.105.67,sungwonryu1,TCP
143153,server-13-225-105-67.icn54.r.cloudfront.net,13.225.105.67,sungwonryu1,TLSv1.2
143155,server-13-225-105-67.icn54.r.cloudfront.net,13.225.105.67,sungwonryu1,TCP
143157,server-13-225-105-67.icn54.r.cloudfront.net,13.225.105.67,sungwonryu1,TCP
143159,server-13-225-105-67.icn54.r.cloudfront.net,13.225.105.67,sungwonryu1,TCP
143187,server-13-225-105-67.icn54.r.cloudfront.net,13.225.105.67,sungwonryu1,TCP
143189,server-13-225-105-67.icn54.r.cloudfront.net,13.225.105.67,sungwonryu1,TCP
143191,server-13-225-105-67.icn54.r.cloudfront.net,13.225.105.67,sungwonryu1,TLSv1.2
143193,server-13-225-105-67.icn54.r.cloudfront.net,13.225.105.67,sungwonryu1,TCP
143195,server-13-225-105-67.icn54.r.cloudfront.net,13.225.105.67,sungwonryu1,TCP
143197,server-13-225-105-67.icn54.r.cloudfront.net,13.225.105.67,sungwonryu1,TCP
143199,server-13-225-105-67.icn54.r.cloudfront.net,13.225.105.67,sungwonryu1,TCP
143201,server-13-225-105-67.icn54.r.cloudfront.net,13.225.105.67,sungwonryu1,TCP
143203,server-13-225-105-67.icn54.r.cloudfront.net,13.225.105.67,sungwonryu1,TCP
143213,server-13-225-105-67.icn54.r.cloudfront.net,13.225.105.67,sungwonryu1,TCP
143215,server-13-225-105-67.icn54.r.cloudfront.net,13.225.105.67,sungwonryu1,TCP
143217,server-13-225-105-67.icn54.r.cloudfront.net,13.225.105.67,sungwonryu1,TCP
143219,server-13-225-105-67.icn54.r.cloudfront.net,13.225.105.67,sungwonryu1,TCP
143221,server-13-225-105-67.icn54.r.cloudfront.net,13.225.105.67,sungwonryu1,TCP
143223,server-13-225-105-67.icn54.r.cloudfront.net,13.225.105.67,sungwonryu1,TLSv1.2
143225,server-13-225-105-67.icn54.r.cloudfront.net,13.225.105.67,sungwonryu1,TCP
143227,server-13-225-105-67.icn54.r.cloudfront.net,13.225.105.67,sungwonryu1,TCP
143237,server-13-225-105-67.icn54.r.cloudfront.net,13.225.105.67,sungwonryu1,TCP
143239,server-13-225-105-67.icn54.r.cloudfront.net,13.225.105.67,sungwonryu1,TCP
143241,server-13-225-105-67.icn54.r.cloudfront.net,13.225.105.67,sungwonryu1,TCP
143243,server-13-225-105-67.icn54.r.cloudfront.net,13.225.105.67,sungwonryu1,TLSv1.2
143249,server-13-225-105-49.icn54.r.cloudfront.net,13.225.105.49,sungwonryu1,TCP
143251,server-13-225-105-49.icn54.r.cloudfront.net,13.225.105.49,sungwonryu1,TCP
143257,server-13-225-105-49.icn54.r.cloudfront.net,13.225.105.49,sungwonryu1,TCP
143259,server-13-225-105-49.icn54.r.cloudfront.net,13.225.105.49,sungwonryu1,TCP
143261,server-13-225-105-49.icn54.r.cloudfront.net,13.225.105.49,sungwonryu1,TCP
143263,server-13-225-105-49.icn54.r.cloudfront.net,13.225.105.49,sungwonryu1,TCP
143265,server-13-225-105-49.icn54.r.cloudfront.net,13.225.105.49,sungwonryu1,TCP
143267,server-13-225-105-49.icn54.r.cloudfront.net,13.225.105.49,sungwonryu1,TCP
143269,server-13-225-105-49.icn54.r.cloudfront.net,13.225.105.49,sungwonryu1,TCP
143271,server-13-225-105-49.icn54.r.cloudfront.net,13.225.105.49,sungwonryu1,TCP
143273,server-13-225-105-49.icn54.r.cloudfront.net,13.225.105.49,sungwonryu1,TLSv1.2
143275,server-13-225-105-49.icn54.r.cloudfront.net,13.225.105.49,sungwonryu1,TLSv1.2
143297,server-13-225-105-67.icn54.r.cloudfront.net,13.225.105.67,sungwonryu1,TCP
143299,server-13-225-105-67.icn54.r.cloudfront.net,13.225.105.67,sungwonryu1,TCP
143301,server-13-225-105-67.icn54.r.cloudfront.net,13.225.105.67,sungwonryu1,TCP
143307,server-13-225-105-67.icn54.r.cloudfront.net,13.225.105.67,sungwonryu1,TCP
143309,server-13-225-105-67.icn54.r.cloudfront.net,13.225.105.67,sungwonryu1,TCP
143311,server-13-225-105-67.icn54.r.cloudfront.net,13.225.105.67,sungwonryu1,TCP
143313,server-13-225-105-67.icn54.r.cloudfront.net,13.225.105.67,sungwonryu1,TCP
143315,server-13-225-105-67.icn54.r.cloudfront.net,13.225.105.67,sungwonryu1,TCP
143317,server-13-225-105-67.icn54.r.cloudfront.net,13.225.105.67,sungwonryu1,TCP
143319,server-13-225-105-67.icn54.r.cloudfront.net,13.225.105.67,sungwonryu1,TCP
143327,server-13-225-105-67.icn54.r.cloudfront.net,13.225.105.67,sungwonryu1,TCP
143329,server-13-225-105-67.icn54.r.cloudfront.net,13.225.105.67,sungwonryu1,TLSv1.2
143331,server-13-225-105-67.icn54.r.cloudfront.net,13.225.105.67,sungwonryu1,TCP
143333,server-13-225-105-67.icn54.r.cloudfront.net,13.225.105.67,sungwonryu1,TCP
143335,server-13-225-105-67.icn54.r.cloudfront.net,13.225.105.67,sungwonryu1,TCP
143337,server-13-225-105-67.icn54.r.cloudfront.net,13.225.105.67,sungwonryu1,TCP
143339,server-13-225-105-67.icn54.r.cloudfront.net,13.225.105.67,sungwonryu1,TCP
143349,server-13-225-105-67.icn54.r.cloudfront.net,13.225.105.67,sungwonryu1,TLSv1.2
143351,server-13-225-105-67.icn54.r.cloudfront.net,13.225.105.67,sungwonryu1,TCP
143353,server-13-225-105-67.icn54.r.cloudfront.net,13.225.105.67,sungwonryu1,TCP
143355,server-13-225-105-67.icn54.r.cloudfront.net,13.225.105.67,sungwonryu1,TCP
143357,server-13-225-105-67.icn54.r.cloudfront.net,13.225.105.67,sungwonryu1,TCP
143359,server-13-225-105-67.icn54.r.cloudfront.net,13.225.105.67,sungwonryu1,TCP
143361,server-13-225-105-67.icn54.r.cloudfront.net,13.225.105.67,sungwonryu1,TCP
143363,server-13-225-105-67.icn54.r.cloudfront.net,13.225.105.67,sungwonryu1,TCP
143365,server-13-225-105-67.icn54.r.cloudfront.net,13.225.105.67,sungwonryu1,TCP
143367,server-13-225-105-67.icn54.r.cloudfront.net,13.225.105.67,sungwonryu1,TCP
143369,server-13-225-105-67.icn54.r.cloudfront.net,13.225.105.67,sungwonryu1,TCP
143371,server-13-225-105-67.icn54.r.cloudfront.net,13.225.105.67,sungwonryu1,TCP
143373,server-13-225-105-67.icn54.r.cloudfront.net,13.225.105.67,sungwonryu1,TLSv1.2
143375,server-13-225-105-67.icn54.r.cloudfront.net,13.225.105.67,sungwonryu1,TCP
143377,server-13-225-105-67.icn54.r.cloudfront.net,13.225.105.67,sungwonryu1,TCP
143379,server-13-225-105-67.icn54.r.cloudfront.net,13.225.105.67,sungwonryu1,TCP
143381,server-13-225-105-67.icn54.r.cloudfront.net,13.225.105.67,sungwonryu1,TCP
143383,server-13-225-105-67.icn54.r.cloudfront.net,13.225.105.67,sungwonryu1,TCP
143385,server-13-225-105-67.icn54.r.cloudfront.net,13.225.105.67,sungwonryu1,TLSv1.2
143387,server-13-225-105-67.icn54.r.cloudfront.net,13.225.105.67,sungwonryu1,TCP
143389,server-13-225-105-67.icn54.r.cloudfront.net,13.225.105.67,sungwonryu1,TCP
143391,server-13-225-105-67.icn54.r.cloudfront.net,13.225.105.67,sungwonryu1,TCP
143393,server-13-225-105-67.icn54.r.cloudfront.net,13.225.105.67,sungwonryu1,TCP
143395,server-13-225-105-67.icn54.r.cloudfront.net,13.225.105.67,sungwonryu1,TCP
143397,server-13-225-105-67.icn54.r.cloudfront.net,13.225.105.67,sungwonryu1,TCP
143399,server-13-225-105-67.icn54.r.cloudfront.net,13.225.105.67,sungwonryu1,TCP
143401,server-13-225-105-67.icn54.r.cloudfront.net,13.225.105.67,sungwonryu1,TCP
143403,server-13-225-105-67.icn54.r.cloudfront.net,13.225.105.67,sungwonryu1,TCP
143405,server-13-225-105-67.icn54.r.cloudfront.net,13.225.105.67,sungwonryu1,TCP
143407,server-13-225-105-67.icn54.r.cloudfront.net,13.225.105.67,sungwonryu1,TCP
143409,server-13-225-105-67.icn54.r.cloudfront.net,13.225.105.67,sungwonryu1,TLSv1.2
143411,server-13-225-105-67.icn54.r.cloudfront.net,13.225.105.67,sungwonryu1,TCP
143413,server-13-225-105-67.icn54.r.cloudfront.net,13.225.105.67,sungwonryu1,TCP
143415,server-13-225-105-67.icn54.r.cloudfront.net,13.225.105.67,sungwonryu1,TCP
143417,server-13-225-105-67.icn54.r.cloudfront.net,13.225.105.67,sungwonryu1,TCP
143419,server-13-225-105-67.icn54.r.cloudfront.net,13.225.105.67,sungwonryu1,TCP
143421,server-13-225-105-67.icn54.r.cloudfront.net,13.225.105.67,sungwonryu1,TLSv1.2
143423,server-13-225-105-67.icn54.r.cloudfront.net,13.225.105.67,sungwonryu1,TCP
143425,server-13-225-105-67.icn54.r.cloudfront.net,13.225.105.67,sungwonryu1,TCP
143427,server-13-225-105-67.icn54.r.cloudfront.net,13.225.105.67,sungwonryu1,TCP
143429,server-13-225-105-67.icn54.r.cloudfront.net,13.225.105.67,sungwonryu1,TCP
143431,server-13-225-105-67.icn54.r.cloudfront.net,13.225.105.67,sungwonryu1,TCP
143433,server-13-225-105-67.icn54.r.cloudfront.net,13.225.105.67,sungwonryu1,TCP
143435,server-13-225-105-67.icn54.r.cloudfront.net,13.225.105.67,sungwonryu1,TCP
143437,server-13-225-105-67.icn54.r.cloudfront.net,13.225.105.67,sungwonryu1,TCP
143439,server-13-225-105-67.icn54.r.cloudfront.net,13.225.105.67,sungwonryu1,TCP
143441,server-13-225-105-67.icn54.r.cloudfront.net,13.225.105.67,sungwonryu1,TCP
143443,server-13-225-105-67.icn54.r.cloudfront.net,13.225.105.67,sungwonryu1,TCP
143445,server-13-225-105-67.icn54.r.cloudfront.net,13.225.105.67,sungwonryu1,TLSv1.2
143447,server-13-225-105-67.icn54.r.cloudfront.net,13.225.105.67,sungwonryu1,TCP
143449,server-13-225-105-67.icn54.r.cloudfront.net,13.225.105.67,sungwonryu1,TCP
143451,server-13-225-105-67.icn54.r.cloudfront.net,13.225.105.67,sungwonryu1,TCP
143453,server-13-225-105-67.icn54.r.cloudfront.net,13.225.105.67,sungwonryu1,TCP
143455,server-13-225-105-67.icn54.r.cloudfront.net,13.225.105.67,sungwonryu1,TCP
143507,server-13-225-105-67.icn54.r.cloudfront.net,13.225.105.67,sungwonryu1,TLSv1.2
143509,server-13-225-105-67.icn54.r.cloudfront.net,13.225.105.67,sungwonryu1,TCP
143511,server-13-225-105-67.icn54.r.cloudfront.net,13.225.105.67,sungwonryu1,TCP
143513,server-13-225-105-67.icn54.r.cloudfront.net,13.225.105.67,sungwonryu1,TCP
143515,server-13-225-105-67.icn54.r.cloudfront.net,13.225.105.67,sungwonryu1,TCP
143517,server-13-225-105-67.icn54.r.cloudfront.net,13.225.105.67,sungwonryu1,TCP
143519,server-13-225-105-67.icn54.r.cloudfront.net,13.225.105.67,sungwonryu1,TCP
143521,server-13-225-105-67.icn54.r.cloudfront.net,13.225.105.67,sungwonryu1,TCP
143523,server-13-225-105-67.icn54.r.cloudfront.net,13.225.105.67,sungwonryu1,TCP
143525,server-13-225-105-67.icn54.r.cloudfront.net,13.225.105.67,sungwonryu1,TCP
143527,server-13-225-105-67.icn54.r.cloudfront.net,13.225.105.67,sungwonryu1,TCP
143529,server-13-225-105-67.icn54.r.cloudfront.net,13.225.105.67,sungwonryu1,TCP
143531,server-13-225-105-67.icn54.r.cloudfront.net,13.225.105.67,sungwonryu1,TLSv1.2
143533,server-13-225-105-67.icn54.r.cloudfront.net,13.225.105.67,sungwonryu1,TCP
143535,server-13-225-105-67.icn54.r.cloudfront.net,13.225.105.67,sungwonryu1,TCP
143537,server-13-225-105-67.icn54.r.cloudfront.net,13.225.105.67,sungwonryu1,TCP
143539,server-13-225-105-67.icn54.r.cloudfront.net,13.225.105.67,sungwonryu1,TCP
143541,server-13-225-105-67.icn54.r.cloudfront.net,13.225.105.67,sungwonryu1,TCP
143543,server-13-225-105-67.icn54.r.cloudfront.net,13.225.105.67,sungwonryu1,TLSv1.2
143545,server-13-225-105-67.icn54.r.cloudfront.net,13.225.105.67,sungwonryu1,TCP
143547,server-13-225-105-67.icn54.r.cloudfront.net,13.225.105.67,sungwonryu1,TCP
143549,server-13-225-105-67.icn54.r.cloudfront.net,13.225.105.67,sungwonryu1,TCP
143551,server-13-225-105-67.icn54.r.cloudfront.net,13.225.105.67,sungwonryu1,TCP
143553,server-13-225-105-67.icn54.r.cloudfront.net,13.225.105.67,sungwonryu1,TCP
143555,server-13-225-105-67.icn54.r.cloudfront.net,13.225.105.67,sungwonryu1,TCP
143557,server-13-225-105-67.icn54.r.cloudfront.net,13.225.105.67,sungwonryu1,TCP
143559,server-13-225-105-67.icn54.r.cloudfront.net,13.225.105.67,sungwonryu1,TCP
143561,server-13-225-105-67.icn54.r.cloudfront.net,13.225.105.67,sungwonryu1,TCP
143563,server-13-225-105-67.icn54.r.cloudfront.net,13.225.105.67,sungwonryu1,TCP
143565,server-13-225-105-67.icn54.r.cloudfront.net,13.225.105.67,sungwonryu1,TCP
143567,server-13-225-105-67.icn54.r.cloudfront.net,13.225.105.67,sungwonryu1,TLSv1.2
143569,server-13-225-105-67.icn54.r.cloudfront.net,13.225.105.67,sungwonryu1,TCP
143571,server-13-225-105-67.icn54.r.cloudfront.net,13.225.105.67,sungwonryu1,TCP
143573,server-13-225-105-67.icn54.r.cloudfront.net,13.225.105.67,sungwonryu1,TCP
143575,server-13-225-105-67.icn54.r.cloudfront.net,13.225.105.67,sungwonryu1,TCP
143577,server-13-225-105-67.icn54.r.cloudfront.net,13.225.105.67,sungwonryu1,TLSv1.2
143579,server-13-225-105-67.icn54.r.cloudfront.net,13.225.105.67,sungwonryu1,TLSv1.2
143600,server-13-225-105-67.icn54.r.cloudfront.net,13.225.105.67,sungwonryu1,TCP
143602,server-13-225-105-67.icn54.r.cloudfront.net,13.225.105.67,sungwonryu1,TCP
143604,server-13-225-105-67.icn54.r.cloudfront.net,13.225.105.67,sungwonryu1,TCP
143606,server-13-225-105-67.icn54.r.cloudfront.net,13.225.105.67,sungwonryu1,TCP
143608,server-13-225-105-67.icn54.r.cloudfront.net,13.225.105.67,sungwonryu1,TCP
143610,server-13-225-105-67.icn54.r.cloudfront.net,13.225.105.67,sungwonryu1,TCP
143612,server-13-225-105-67.icn54.r.cloudfront.net,13.225.105.67,sungwonryu1,TCP
143614,server-13-225-105-67.icn54.r.cloudfront.net,13.225.105.67,sungwonryu1,TCP
143616,server-13-225-105-67.icn54.r.cloudfront.net,13.225.105.67,sungwonryu1,TCP
143618,server-13-225-105-67.icn54.r.cloudfront.net,13.225.105.67,sungwonryu1,TLSv1.2
143620,server-13-225-105-67.icn54.r.cloudfront.net,13.225.105.67,sungwonryu1,TCP
143622,server-13-225-105-67.icn54.r.cloudfront.net,13.225.105.67,sungwonryu1,TCP
143624,server-13-225-105-67.icn54.r.cloudfront.net,13.225.105.67,sungwonryu1,TCP
143626,server-13-225-105-67.icn54.r.cloudfront.net,13.225.105.67,sungwonryu1,TCP
143628,server-13-225-105-67.icn54.r.cloudfront.net,13.225.105.67,sungwonryu1,TCP
143630,server-13-225-105-67.icn54.r.cloudfront.net,13.225.105.67,sungwonryu1,TCP
143632,server-13-225-105-67.icn54.r.cloudfront.net,13.225.105.67,sungwonryu1,TCP
143634,server-13-225-105-67.icn54.r.cloudfront.net,13.225.105.67,sungwonryu1,TLSv1.2
143682,server-13-225-105-67.icn54.r.cloudfront.net,13.225.105.67,sungwonryu1,TCP
143684,server-13-225-105-67.icn54.r.cloudfront.net,13.225.105.67,sungwonryu1,TCP
143686,server-13-225-105-67.icn54.r.cloudfront.net,13.225.105.67,sungwonryu1,TCP
143688,server-13-225-105-67.icn54.r.cloudfront.net,13.225.105.67,sungwonryu1,TCP
143690,server-13-225-105-67.icn54.r.cloudfront.net,13.225.105.67,sungwonryu1,TCP
143692,server-13-225-105-67.icn54.r.cloudfront.net,13.225.105.67,sungwonryu1,TCP
143694,server-13-225-105-67.icn54.r.cloudfront.net,13.225.105.67,sungwonryu1,TCP
143696,server-13-225-105-67.icn54.r.cloudfront.net,13.225.105.67,sungwonryu1,TCP
143698,server-13-225-105-67.icn54.r.cloudfront.net,13.225.105.67,sungwonryu1,TCP
143700,server-13-225-105-67.icn54.r.cloudfront.net,13.225.105.67,sungwonryu1,TCP
143702,server-13-225-105-67.icn54.r.cloudfront.net,13.225.105.67,sungwonryu1,TCP
143704,server-13-225-105-67.icn54.r.cloudfront.net,13.225.105.67,sungwonryu1,TLSv1.2
143706,server-13-225-105-67.icn54.r.cloudfront.net,13.225.105.67,sungwonryu1,TCP
143708,server-13-225-105-67.icn54.r.cloudfront.net,13.225.105.67,sungwonryu1,TCP
143710,server-13-225-105-67.icn54.r.cloudfront.net,13.225.105.67,sungwonryu1,TCP
143712,server-13-225-105-67.icn54.r.cloudfront.net,13.225.105.67,sungwonryu1,TCP
143714,server-13-225-105-67.icn54.r.cloudfront.net,13.225.105.67,sungwonryu1,TCP
143716,server-13-225-105-67.icn54.r.cloudfront.net,13.225.105.67,sungwonryu1,TLSv1.2
143738,server-13-225-105-67.icn54.r.cloudfront.net,13.225.105.67,sungwonryu1,TCP
143740,server-13-225-105-67.icn54.r.cloudfront.net,13.225.105.67,sungwonryu1,TCP
143742,server-13-225-105-67.icn54.r.cloudfront.net,13.225.105.67,sungwonryu1,TCP
143744,server-13-225-105-67.icn54.r.cloudfront.net,13.225.105.67,sungwonryu1,TCP
143746,server-13-225-105-67.icn54.r.cloudfront.net,13.225.105.67,sungwonryu1,TCP
143748,server-13-225-105-67.icn54.r.cloudfront.net,13.225.105.67,sungwonryu1,TCP
143750,server-13-225-105-67.icn54.r.cloudfront.net,13.225.105.67,sungwonryu1,TCP
143752,server-13-225-105-67.icn54.r.cloudfront.net,13.225.105.67,sungwonryu1,TCP
143754,server-13-225-105-67.icn54.r.cloudfront.net,13.225.105.67,sungwonryu1,TCP
143756,server-13-225-105-67.icn54.r.cloudfront.net,13.225.105.67,sungwonryu1,TCP
143758,server-13-225-105-67.icn54.r.cloudfront.net,13.225.105.67,sungwonryu1,TCP
143760,server-13-225-105-67.icn54.r.cloudfront.net,13.225.105.67,sungwonryu1,TLSv1.2
143762,server-13-225-105-67.icn54.r.cloudfront.net,13.225.105.67,sungwonryu1,TCP
143764,server-13-225-105-67.icn54.r.cloudfront.net,13.225.105.67,sungwonryu1,TCP
143766,server-13-225-105-67.icn54.r.cloudfront.net,13.225.105.67,sungwonryu1,TCP
143768,server-13-225-105-67.icn54.r.cloudfront.net,13.225.105.67,sungwonryu1,TCP
143770,server-13-225-105-67.icn54.r.cloudfront.net,13.225.105.67,sungwonryu1,TCP
143772,server-13-225-105-67.icn54.r.cloudfront.net,13.225.105.67,sungwonryu1,TLSv1.2
143802,server-13-225-105-67.icn54.r.cloudfront.net,13.225.105.67,sungwonryu1,TCP
143804,server-13-225-105-67.icn54.r.cloudfront.net,13.225.105.67,sungwonryu1,TCP
143806,server-13-225-105-67.icn54.r.cloudfront.net,13.225.105.67,sungwonryu1,TCP
143808,server-13-225-105-67.icn54.r.cloudfront.net,13.225.105.67,sungwonryu1,TCP
143810,server-13-225-105-67.icn54.r.cloudfront.net,13.225.105.67,sungwonryu1,TCP
143812,server-13-225-105-67.icn54.r.cloudfront.net,13.225.105.67,sungwonryu1,TCP
143814,server-13-225-105-67.icn54.r.cloudfront.net,13.225.105.67,sungwonryu1,TCP
143816,server-13-225-105-67.icn54.r.cloudfront.net,13.225.105.67,sungwonryu1,TCP
143818,server-13-225-105-67.icn54.r.cloudfront.net,13.225.105.67,sungwonryu1,TCP
143820,server-13-225-105-67.icn54.r.cloudfront.net,13.225.105.67,sungwonryu1,TLSv1.2
143824,server-13-225-105-67.icn54.r.cloudfront.net,13.225.105.67,sungwonryu1,TCP
143826,server-13-225-105-67.icn54.r.cloudfront.net,13.225.105.67,sungwonryu1,TCP
143828,server-13-225-105-67.icn54.r.cloudfront.net,13.225.105.67,sungwonryu1,TCP
143830,server-13-225-105-67.icn54.r.cloudfront.net,13.225.105.67,sungwonryu1,TCP
143832,server-13-225-105-67.icn54.r.cloudfront.net,13.225.105.67,sungwonryu1,TLSv1.2
143872,server-13-225-105-49.icn54.r.cloudfront.net,13.225.105.49,sungwonryu1,TCP
143874,server-13-225-105-49.icn54.r.cloudfront.net,13.225.105.49,sungwonryu1,TCP
143876,server-13-225-105-49.icn54.r.cloudfront.net,13.225.105.49,sungwonryu1,TCP
143878,server-13-225-105-49.icn54.r.cloudfront.net,13.225.105.49,sungwonryu1,TCP
143880,server-13-225-105-49.icn54.r.cloudfront.net,13.225.105.49,sungwonryu1,TCP
143882,server-13-225-105-49.icn54.r.cloudfront.net,13.225.105.49,sungwonryu1,TCP
143884,server-13-225-105-49.icn54.r.cloudfront.net,13.225.105.49,sungwonryu1,TCP
143886,server-13-225-105-49.icn54.r.cloudfront.net,13.225.105.49,sungwonryu1,TCP
143888,server-13-225-105-49.icn54.r.cloudfront.net,13.225.105.49,sungwonryu1,TCP
143890,server-13-225-105-49.icn54.r.cloudfront.net,13.225.105.49,sungwonryu1,TCP
143892,server-13-225-105-49.icn54.r.cloudfront.net,13.225.105.49,sungwonryu1,TLSv1.2
143894,server-13-225-105-49.icn54.r.cloudfront.net,13.225.105.49,sungwonryu1,TCP
143896,server-13-225-105-49.icn54.r.cloudfront.net,13.225.105.49,sungwonryu1,TCP
143898,server-13-225-105-49.icn54.r.cloudfront.net,13.225.105.49,sungwonryu1,TCP
143900,server-13-225-105-49.icn54.r.cloudfront.net,13.225.105.49,sungwonryu1,TLSv1.2
143906,server-13-225-105-49.icn54.r.cloudfront.net,13.225.105.49,sungwonryu1,TCP
143908,server-13-225-105-49.icn54.r.cloudfront.net,13.225.105.49,sungwonryu1,TCP
143910,server-13-225-105-49.icn54.r.cloudfront.net,13.225.105.49,sungwonryu1,TCP
143912,server-13-225-105-49.icn54.r.cloudfront.net,13.225.105.49,sungwonryu1,TCP
143914,server-13-225-105-49.icn54.r.cloudfront.net,13.225.105.49,sungwonryu1,TCP
143916,server-13-225-105-49.icn54.r.cloudfront.net,13.225.105.49,sungwonryu1,TCP
143918,server-13-225-105-49.icn54.r.cloudfront.net,13.225.105.49,sungwonryu1,TCP
143920,server-13-225-105-49.icn54.r.cloudfront.net,13.225.105.49,sungwonryu1,TCP
143922,server-13-225-105-49.icn54.r.cloudfront.net,13.225.105.49,sungwonryu1,TCP
143924,server-13-225-105-49.icn54.r.cloudfront.net,13.225.105.49,sungwonryu1,TCP
143926,server-13-225-105-49.icn54.r.cloudfront.net,13.225.105.49,sungwonryu1,TCP
143928,server-13-225-105-49.icn54.r.cloudfront.net,13.225.105.49,sungwonryu1,TLSv1.2
143930,server-13-225-105-49.icn54.r.cloudfront.net,13.225.105.49,sungwonryu1,TCP
143932,server-13-225-105-49.icn54.r.cloudfront.net,13.225.105.49,sungwonryu1,TLSv1.2
143960,server-13-225-105-49.icn54.r.cloudfront.net,13.225.105.49,sungwonryu1,TCP
143962,server-13-225-105-49.icn54.r.cloudfront.net,13.225.105.49,sungwonryu1,TCP
143964,server-13-225-105-49.icn54.r.cloudfront.net,13.225.105.49,sungwonryu1,TCP
143966,server-13-225-105-49.icn54.r.cloudfront.net,13.225.105.49,sungwonryu1,TCP
143972,server-13-225-105-49.icn54.r.cloudfront.net,13.225.105.49,sungwonryu1,TCP
143976,server-13-225-105-49.icn54.r.cloudfront.net,13.225.105.49,sungwonryu1,TCP
143978,server-13-225-105-49.icn54.r.cloudfront.net,13.225.105.49,sungwonryu1,TCP
143980,server-13-225-105-49.icn54.r.cloudfront.net,13.225.105.49,sungwonryu1,TCP
143982,server-13-225-105-49.icn54.r.cloudfront.net,13.225.105.49,sungwonryu1,TCP
143984,server-13-225-105-49.icn54.r.cloudfront.net,13.225.105.49,sungwonryu1,TCP
143986,server-13-225-105-49.icn54.r.cloudfront.net,13.225.105.49,sungwonryu1,TCP
143988,server-13-225-105-49.icn54.r.cloudfront.net,13.225.105.49,sungwonryu1,TCP
143990,server-13-225-105-49.icn54.r.cloudfront.net,13.225.105.49,sungwonryu1,TCP
143992,server-13-225-105-49.icn54.r.cloudfront.net,13.225.105.49,sungwonryu1,TLSv1.2
144012,server-13-225-105-49.icn54.r.cloudfront.net,13.225.105.49,sungwonryu1,TCP
144020,server-13-225-105-67.icn54.r.cloudfront.net,13.225.105.67,sungwonryu1,TCP
144022,server-13-225-132-82.icn54.r.cloudfront.net,13.225.132.82,sungwonryu1,TLSv1.2
144024,server-13-225-132-82.icn54.r.cloudfront.net,13.225.132.82,sungwonryu1,TLSv1.2
144026,server-13-225-105-67.icn54.r.cloudfront.net,13.225.105.67,sungwonryu1,TLSv1.2
144028,server-13-225-105-67.icn54.r.cloudfront.net,13.225.105.67,sungwonryu1,TLSv1.2
144030,server-13-225-132-82.icn54.r.cloudfront.net,13.225.132.82,sungwonryu1,TCP
144034,server-13-225-132-82.icn54.r.cloudfront.net,13.225.132.82,sungwonryu1,TCP
144050,server-13-225-132-82.icn54.r.cloudfront.net,13.225.132.82,sungwonryu1,TCP
144052,server-13-225-132-82.icn54.r.cloudfront.net,13.225.132.82,sungwonryu1,TLSv1.2
144054,server-13-225-132-82.icn54.r.cloudfront.net,13.225.132.82,sungwonryu1,TLSv1.2
144060,server-13-225-105-67.icn54.r.cloudfront.net,13.225.105.67,sungwonryu1,TLSv1.2
144062,server-13-225-105-67.icn54.r.cloudfront.net,13.225.105.67,sungwonryu1,TLSv1.2
144068,server-13-225-105-67.icn54.r.cloudfront.net,13.225.105.67,sungwonryu1,TCP
144070,server-13-225-105-67.icn54.r.cloudfront.net,13.225.105.67,sungwonryu1,TCP
144072,server-13-225-105-67.icn54.r.cloudfront.net,13.225.105.67,sungwonryu1,TCP
144078,server-13-225-105-67.icn54.r.cloudfront.net,13.225.105.67,sungwonryu1,TCP
144080,server-13-225-105-67.icn54.r.cloudfront.net,13.225.105.67,sungwonryu1,TCP
144082,server-13-225-105-67.icn54.r.cloudfront.net,13.225.105.67,sungwonryu1,TLSv1.2
144094,server-13-225-105-67.icn54.r.cloudfront.net,13.225.105.67,sungwonryu1,TCP
144098,server-13-225-105-49.icn54.r.cloudfront.net,13.225.105.49,sungwonryu1,TCP
144100,server-13-225-105-49.icn54.r.cloudfront.net,13.225.105.49,sungwonryu1,TCP
144102,server-13-225-105-49.icn54.r.cloudfront.net,13.225.105.49,sungwonryu1,TCP
144104,server-13-225-105-49.icn54.r.cloudfront.net,13.225.105.49,sungwonryu1,TCP
144106,server-13-225-105-49.icn54.r.cloudfront.net,13.225.105.49,sungwonryu1,TCP
144114,server-13-225-105-49.icn54.r.cloudfront.net,13.225.105.49,sungwonryu1,TCP
144116,server-13-225-105-67.icn54.r.cloudfront.net,13.225.105.67,sungwonryu1,TLSv1.2
144118,server-13-225-105-67.icn54.r.cloudfront.net,13.225.105.67,sungwonryu1,TLSv1.2
144120,server-13-225-105-49.icn54.r.cloudfront.net,13.225.105.49,sungwonryu1,TCP
144122,server-13-225-105-49.icn54.r.cloudfront.net,13.225.105.49,sungwonryu1,TCP
144124,server-13-225-105-49.icn54.r.cloudfront.net,13.225.105.49,sungwonryu1,TCP
144126,server-13-225-105-49.icn54.r.cloudfront.net,13.225.105.49,sungwonryu1,TCP
144128,server-13-225-105-49.icn54.r.cloudfront.net,13.225.105.49,sungwonryu1,TCP
144130,server-13-225-105-49.icn54.r.cloudfront.net,13.225.105.49,sungwonryu1,TLSv1.2
144140,server-13-225-105-49.icn54.r.cloudfront.net,13.225.105.49,sungwonryu1,TCP
144142,server-13-225-105-49.icn54.r.cloudfront.net,13.225.105.49,sungwonryu1,TCP
144144,server-13-225-105-67.icn54.r.cloudfront.net,13.225.105.67,sungwonryu1,TCP
144146,server-13-225-105-67.icn54.r.cloudfront.net,13.225.105.67,sungwonryu1,TLSv1.2
144148,server-13-225-105-67.icn54.r.cloudfront.net,13.225.105.67,sungwonryu1,TLSv1.2
144154,server-13-225-105-49.icn54.r.cloudfront.net,13.225.105.49,sungwonryu1,TCP
144156,server-13-225-105-49.icn54.r.cloudfront.net,13.225.105.49,sungwonryu1,TCP
144160,server-13-225-105-67.icn54.r.cloudfront.net,13.225.105.67,sungwonryu1,TCP
144162,server-13-225-105-67.icn54.r.cloudfront.net,13.225.105.67,sungwonryu1,TCP
144164,server-13-225-105-67.icn54.r.cloudfront.net,13.225.105.67,sungwonryu1,TCP
144166,server-13-225-105-67.icn54.r.cloudfront.net,13.225.105.67,sungwonryu1,TCP
144168,server-13-225-105-67.icn54.r.cloudfront.net,13.225.105.67,sungwonryu1,TCP
144170,server-13-225-105-67.icn54.r.cloudfront.net,13.225.105.67,sungwonryu1,TCP
144178,server-13-225-105-67.icn54.r.cloudfront.net,13.225.105.67,sungwonryu1,TCP
144180,server-13-225-105-67.icn54.r.cloudfront.net,13.225.105.67,sungwonryu1,TCP
144182,server-13-225-105-49.icn54.r.cloudfront.net,13.225.105.49,sungwonryu1,TLSv1.2
144184,server-13-225-105-49.icn54.r.cloudfront.net,13.225.105.49,sungwonryu1,TCP
144186,server-13-225-105-67.icn54.r.cloudfront.net,13.225.105.67,sungwonryu1,TCP
144188,server-13-225-105-67.icn54.r.cloudfront.net,13.225.105.67,sungwonryu1,TCP
144190,server-13-225-105-67.icn54.r.cloudfront.net,13.225.105.67,sungwonryu1,TCP
144192,server-13-225-105-67.icn54.r.cloudfront.net,13.225.105.67,sungwonryu1,TLSv1.2
144194,server-13-225-105-67.icn54.r.cloudfront.net,13.225.105.67,sungwonryu1,TCP
144196,server-13-225-105-67.icn54.r.cloudfront.net,13.225.105.67,sungwonryu1,TCP
144198,server-13-225-105-67.icn54.r.cloudfront.net,13.225.105.67,sungwonryu1,TCP
144200,server-13-225-105-67.icn54.r.cloudfront.net,13.225.105.67,sungwonryu1,TCP
144202,server-13-225-105-49.icn54.r.cloudfront.net,13.225.105.49,sungwonryu1,TCP
144204,server-13-225-105-49.icn54.r.cloudfront.net,13.225.105.49,sungwonryu1,TCP
144210,server-13-225-105-67.icn54.r.cloudfront.net,13.225.105.67,sungwonryu1,TCP
144212,server-13-225-105-67.icn54.r.cloudfront.net,13.225.105.67,sungwonryu1,TLSv1.2
144226,server-13-225-105-49.icn54.r.cloudfront.net,13.225.105.49,sungwonryu1,TCP
144228,server-13-225-105-49.icn54.r.cloudfront.net,13.225.105.49,sungwonryu1,TCP
144232,server-13-225-105-49.icn54.r.cloudfront.net,13.225.105.49,sungwonryu1,TCP
144238,server-13-225-105-49.icn54.r.cloudfront.net,13.225.105.49,sungwonryu1,TCP
144240,server-13-225-105-49.icn54.r.cloudfront.net,13.225.105.49,sungwonryu1,TCP
144242,server-13-225-105-49.icn54.r.cloudfront.net,13.225.105.49,sungwonryu1,TCP
144244,server-13-225-105-49.icn54.r.cloudfront.net,13.225.105.49,sungwonryu1,TCP
144246,server-13-225-105-49.icn54.r.cloudfront.net,13.225.105.49,sungwonryu1,TCP
144256,server-13-225-105-49.icn54.r.cloudfront.net,13.225.105.49,sungwonryu1,TLSv1.2
144258,server-13-225-105-49.icn54.r.cloudfront.net,13.225.105.49,sungwonryu1,TCP
144260,server-13-225-105-49.icn54.r.cloudfront.net,13.225.105.49,sungwonryu1,TCP
144262,server-13-225-105-49.icn54.r.cloudfront.net,13.225.105.49,sungwonryu1,TCP
144264,server-13-225-105-49.icn54.r.cloudfront.net,13.225.105.49,sungwonryu1,TCP
144266,server-13-225-105-49.icn54.r.cloudfront.net,13.225.105.49,sungwonryu1,TLSv1.2
144272,server-13-225-105-49.icn54.r.cloudfront.net,13.225.105.49,sungwonryu1,TCP
144274,server-13-225-105-49.icn54.r.cloudfront.net,13.225.105.49,sungwonryu1,TCP
144276,server-13-225-105-49.icn54.r.cloudfront.net,13.225.105.49,sungwonryu1,TCP
144278,server-13-225-105-49.icn54.r.cloudfront.net,13.225.105.49,sungwonryu1,TCP
144280,server-13-225-105-49.icn54.r.cloudfront.net,13.225.105.49,sungwonryu1,TCP
144282,server-13-225-105-49.icn54.r.cloudfront.net,13.225.105.49,sungwonryu1,TCP
144284,server-13-225-105-49.icn54.r.cloudfront.net,13.225.105.49,sungwonryu1,TLSv1.2
144294,server-13-225-105-49.icn54.r.cloudfront.net,13.225.105.49,sungwonryu1,TCP
144296,server-13-225-105-49.icn54.r.cloudfront.net,13.225.105.49,sungwonryu1,TCP
144298,server-13-225-105-49.icn54.r.cloudfront.net,13.225.105.49,sungwonryu1,TCP
144302,server-13-225-105-49.icn54.r.cloudfront.net,13.225.105.49,sungwonryu1,TCP
144304,server-13-225-105-49.icn54.r.cloudfront.net,13.225.105.49,sungwonryu1,TCP
144306,server-13-225-105-49.icn54.r.cloudfront.net,13.225.105.49,sungwonryu1,TCP
144308,server-13-225-105-49.icn54.r.cloudfront.net,13.225.105.49,sungwonryu1,TCP
144310,server-13-225-105-49.icn54.r.cloudfront.net,13.225.105.49,sungwonryu1,TLSv1.2
144312,server-13-225-105-49.icn54.r.cloudfront.net,13.225.105.49,sungwonryu1,TCP
144314,server-13-225-105-49.icn54.r.cloudfront.net,13.225.105.49,sungwonryu1,TCP
144322,server-13-225-105-49.icn54.r.cloudfront.net,13.225.105.49,sungwonryu1,TCP
144324,server-13-225-105-49.icn54.r.cloudfront.net,13.225.105.49,sungwonryu1,TCP
144326,server-13-225-105-49.icn54.r.cloudfront.net,13.225.105.49,sungwonryu1,TCP
144328,server-13-225-105-49.icn54.r.cloudfront.net,13.225.105.49,sungwonryu1,TCP
144330,server-13-225-105-49.icn54.r.cloudfront.net,13.225.105.49,sungwonryu1,TCP
144332,server-13-225-105-49.icn54.r.cloudfront.net,13.225.105.49,sungwonryu1,TLSv1.2
144344,server-13-225-105-67.icn54.r.cloudfront.net,13.225.105.67,sungwonryu1,TCP
144346,server-13-225-105-67.icn54.r.cloudfront.net,13.225.105.67,sungwonryu1,TLSv1.2
144348,server-13-225-105-67.icn54.r.cloudfront.net,13.225.105.67,sungwonryu1,TLSv1.2
152816,server-13-225-105-67.icn54.r.cloudfront.net,13.225.105.67,sungwonryu1,TCP
153112,server-13-225-105-67.icn54.r.cloudfront.net,13.225.105.67,sungwonryu1,TLSv1.2
153114,server-13-225-105-67.icn54.r.cloudfront.net,13.225.105.67,sungwonryu1,TLSv1.2
153374,server-13-225-105-67.icn54.r.cloudfront.net,13.225.105.67,sungwonryu1,TLSv1.2